0;3.92302
1;-4.72967
2;-8.41516
3;4.74583
4;3.29097
5;1.35449
6;-0.439639
7;-5.25938
8;2.62624
9;1.4591
10;-8.31887
11;2.45467
12;2.05648
13;3.3767
14;0.113692
15;4.42878
16;3.50342
17;-8.10169
18;-8.25578
19;0.58273
20;-3.81981
21;0.802829
22;-0.726994
23;-2.6648
24;-4.46838
25;-0.016303
26;-1.39398
27;-2.56985
28;-3.62039
29;-1.59232
30;-2.00291
31;-0.652725
32;-3.95077
33;0.434771
34;-0.510945
35;-3.37191
36;-3.57007
37;-2.11048
38;-5.1804
39;-3.39187
40;-5.07872
41;-7.19533
42;-9.19144
43;-0.703604
44;-5.80902
45;-7.10719
46;-4.91069
47;-6.04254
48;-6.51423
49;-4.97552
50;-8.65448
51;-3.82631
52;-4.87173
53;-4.65281
54;-4.89088
55;-6.62032
56;-6.20597
57;-4.16846
58;-5.62591
59;-7.3868
60;-9.04246
61;4.06311
62;-6.23416
63;-7.3145
64;0.235927
65;-6.44289
66;-6.83488
67;-5.55957
68;-8.61281
69;-4.55731
70;-5.43776
71;0.482387
72;0.25768
73;-6.90677
74;-0.974087
75;2.40099
76;-1.66468
77;-3.70456
78;-5.60849
79;-0.106789
80;-2.36717
81;-3.60784
82;-3.96021
83;-2.5796
84;-3.01662
85;-1.58214
86;-5.06967
87;-0.444844
88;-1.44307
89;-3.70108
90;-3.91444
91;-3.12732
92;-5.1344
93;-1.79081
94;0.580003
95;-1.76287
96;-3.35242
97;0.32235
98;-0.639585
99;-1.67659
100;-2.83705
101;-0.812958
102;-1.17217
103;0.0108127
104;-2.89143
105;0.980207
106;0.145854
107;-2.61373
108;-2.78683
109;-1.26818
110;-3.79538
111;-1.05294
112;0.892274
113;0.756397
114;-1.67123
115;0.448645
116;1.10299
117;0.044392
118;-2.67438
119;0.932306
120;0.57294
121;1.76152
122;-1.18629
123;2.77007
124;1.91924
125;-2.44091
126;-2.60901
127;0.469318
128;-3.61345
129;-0.905692
130;1.01689
131;2.54044
132;1.57879
133;-1.01082
134;2.81
135;1.72065
136;-4.04531
137;2.64351
138;2.27856
139;3.4903
140;0.46427
141;4.52591
142;3.65446
143;-3.81191
144;-3.97009
145;2.16259
146;-4.94055
147;-2.32937
148;-0.469193
149;4.29832
150;3.31054
151;0.725769
152;-0.283709
153;-1.32019
154;-3.16701
155;-0.454936
156;-0.813014
157;0.3672
158;-2.53222
159;1.33486
160;0.501926
161;-2.94572
162;-3.11534
163;-0.911105
164;-4.10848
165;-1.40797
166;0.508939
167;1.11338
168;0.168557
169;-2.30672
170;-0.345483
171;-1.01814
172;-1.30793
173;-0.212863
174;-0.543997
175;0.548288
176;-2.14979
177;1.47612
178;0.695011
179;-1.08757
180;-1.25201
181;-0.631979
182;-2.21854
183;0.386266
184;2.23096
185;1.25858
186;0.378663
187;-1.93249
188;-0.104104
189;-2.56604
190;-0.962094
191;0.729685
192;0.414297
193;1.4574
194;-1.13755
195;2.36537
196;1.61166
197;-0.745033
198;-0.899943
199;0.326894
200;-1.82411
201;0.65147
202;2.40515
203;2.15362
204;1.30664
205;-0.918948
206;0.84815
207;-1.52959
208;0.0935403
209;-2.30644
210;-2.64305
211;-1.53856
212;-4.23868
213;-0.615794
214;-1.39869
215;0.174903
216;-0.00585672
217;-2.72006
218;-1.03854
219;1.75506
220;3.72715
221;-0.841134
222;-1.72085
223;-4.03623
224;-2.22402
225;-4.66929
226;-2.99532
227;-4.32347
228;-0.367699
229;0.679588
230;-1.91668
231;1.58916
232;0.83387
233;-0.0545567
234;-0.216603
235;-0.450487
236;-1.17166
237;1.38848
238;3.1991
239;1.37295
240;0.525796
241;-1.70284
242;0.0588003
243;-2.31364
244;-0.693745
245;-1.96621
246;0.297614
247;1.01042
248;-1.6218
249;1.92921
250;1.16462
251;-0.533209
252;-0.693698
253;-0.13672
254;-1.64413
255;0.905114
256;2.70972
257;1.71312
258;0.8542
259;-1.40364
260;0.384845
261;-2.02276
262;-0.378658
263;-1.66612
264;0.629058
265;-0.958447
266;-2.41002
267;0.806172
268;0.112071
269;2.46048
270;2.29831
271;-1.06664
272;1.35154
273;3.86873
274;5.64152
275;0.592775
276;-0.177612
277;-2.2134
278;-0.616043
279;-2.77032
280;-1.30258
281;-2.47109
282;-0.406072
283;-1.82995
284;1.39147
285;3.67379
286;2.87385
287;-1.59109
288;-1.74627
289;1.50553
290;-2.68933
291;-0.168362
292;1.62126
293;3.4537
294;2.55317
295;0.189897
296;2.0774
297;-0.459463
298;1.27131
299;-0.0702297
300;2.34143
301;0.669552
302;-2.72212
303;1.66579
304;-0.968261
305;-3.02419
306;-3.21997
307;-2.51874
308;-4.34463
309;-1.27128
310;0.907407
311;-0.295644
312;-1.33768
313;-4.0686
314;-1.91712
315;-4.8165
316;-2.82723
317;-4.38622
318;-1.62487
319;-3.53306
320;-4.37624
321;-2.41169
322;-0.756755
323;-0.655995
324;-0.839089
325;-1.4746
326;-1.90392
327;0.969504
328;3.00194
329;0.55293
330;-0.392702
331;-2.87838
332;-0.919468
333;-3.55913
334;-1.75362
335;-3.17426
336;-0.655301
337;-2.39538
338;-1.90699
339;-1.37462
340;0.129859
341;-1.09685
342;-0.235348
343;-2.99593
344;-1.28896
345;1.56662
346;3.58277
347;-1.07551
348;-1.97556
349;-4.34368
350;-2.49122
351;-4.99107
352;-3.27887
353;-4.63741
354;-2.24669
355;-3.89491
356;-1.27485
357;-2.93662
358;-1.49686
359;-2.66451
360;-5.93659
361;-3.89715
362;-1.16368
363;1.86058
364;3.99432
365;-1.90449
366;-2.84064
367;-5.30458
368;-3.38374
369;-5.97761
370;-4.1997
371;-5.61555
372;-3.13263
373;-4.84288
374;-1.14186
375;-3.85254
376;-2.35143
377;-3.56577
378;-6.95802
379;-4.04986
380;-1.80854
381;0.924228
382;2.85901
383;1.9389
384;1.01547
385;-1.41175
386;0.511752
387;-2.0774
388;-0.309431
389;-1.69316
390;0.774737
391;-0.932437
392;-1.81883
393;0.0751547
394;1.53896
395;0.339946
396;-3.06052
397;-0.162089
398;-8.67992
399;2.82128
400;4.84478
401;-1.69337
402;-2.56334
403;-4.85693
404;-3.07115
405;-5.48322
406;-3.83203
407;-5.15168
408;-2.83955
409;-4.43128
410;-0.0151952
411;-3.51199
412;-2.11432
413;-3.24524
414;-6.40171
415;-3.69991
416;-11.5681
417;-11.011
418;1.89252
419;0.188718
420;-0.727832
421;-3.13362
422;-1.23768
423;-3.79251
424;-2.04253
425;-3.41665
426;-0.981013
427;-2.66388
428;-2.80934
429;-1.67568
430;-0.21884
431;-1.40542
432;-4.75228
433;-1.88726
434;-10.2752
435;-9.68211
436;-9.50303
437;1.95558
438;1.02447
439;-1.4131
440;0.526099
441;-2.08225
442;-0.296199
443;-1.68092
444;0.796554
445;-0.919885
446;-4.52662
447;0.100349
448;1.56867
449;0.365749
450;-3.0557
451;-0.12963
452;-8.73407
453;-8.12941
454;-7.93929
455;-8.43948
456;-0.88595
457;-3.08762
458;-1.36059
459;-3.6899
460;-2.0982
461;-3.36049
462;-1.13192
463;-2.66909
464;-0.260547
465;-1.77354
466;-0.438026
467;-1.52479
468;-4.57897
469;-1.97178
470;-9.59594
471;-9.06384
472;-8.90866
473;-9.323
474;-8.43713
475;-2.23989
476;-0.513889
477;-2.83957
478;-1.25067
479;-2.50247
480;-0.281645
481;-1.81565
482;-1.02327
483;-0.916186
484;0.408309
485;-0.672783
486;-3.72434
487;-1.12077
488;-8.75216
489;-8.22136
490;-8.06305
491;-8.48462
492;-7.59195
493;-7.65517
494;1.58315
495;-0.614861
496;0.879738
497;-0.294075
498;1.80536
499;0.353152
500;0.560264
501;1.2098
502;2.44756
503;1.42932
504;-1.4654
505;0.988573
506;-6.24135
507;-5.75502
508;-5.60878
509;-6.00218
510;-5.14983
511;-5.21765
512;-5.09349
513;-2.18394
514;-0.731073
515;-1.88368
516;0.159579
517;-1.25046
518;1.16277
519;-0.427356
520;0.789002
521;-0.205358
522;-3.00986
523;-0.626838
524;-7.61589
525;-7.13955
526;-7.00114
527;-7.37403
528;-6.55932
529;-6.62591
530;-6.50286
531;-6.31447
532;1.40866
533;0.269568
534;2.31488
535;0.898404
536;-0.239152
537;1.73849
538;2.94003
539;1.94937
540;-0.876785
541;1.5192
542;-5.55205
543;-5.07652
544;-4.93061
545;-5.32176
546;-4.48357
547;-4.54729
548;-4.42664
549;-4.23746
550;-2.03086
551;-1.20621
552;0.851724
553;-0.570273
554;0.49125
555;0.264656
556;1.48453
557;0.484588
558;-2.34675
559;0.0581763
560;-7.00971
561;-6.52923
562;-6.38662
563;-6.76971
564;-5.94082
565;-6.00608
566;-5.88277
567;-5.6921
568;-3.48156
569;-3.41889
570;2.02636
571;0.589271
572;0.377896
573;1.43852
574;2.66111
575;1.6544
576;-1.21118
577;1.21756
578;-5.94299
579;-5.46197
580;-5.31641
581;-5.70771
582;-4.86195
583;-4.92864
584;-4.80608
585;-4.61537
586;-2.37718
587;-2.30657
588;-1.51018
589;-1.5012
590;0.330619
591;-0.65297
592;0.599377
593;-0.423609
594;-3.30924
595;-0.853057
596;-8.05416
597;-7.5591
598;-7.4138
599;-7.80337
600;-6.96299
601;-7.02797
602;-6.90034
603;-6.70344
604;-4.45171
605;-4.39304
606;-3.59768
607;-4.15916
608;-0.579006
609;0.826107
610;2.09296
611;1.05234
612;-1.90494
613;0.608292
614;-6.79041
615;-6.28639
616;-6.13323
617;-6.54268
618;-5.66979
619;-5.73426
620;-5.6058
621;-5.40463
622;-3.09721
623;-3.02656
624;-2.20375
625;-2.78459
626;1.23502
627;-0.0470609
628;1.11044
629;0.162747
630;-2.51877
631;-0.237779
632;-6.9367
633;-6.47788
634;-6.34123
635;-6.70715
636;-5.92178
637;-5.98134
638;-5.86362
639;-5.68086
640;-3.5885
641;-3.52999
642;-2.78797
643;-3.3118
644;1.6599
645;-0.234942
646;1.13652
647;0.164807
648;-2.58111
649;-0.248973
650;-7.09622
651;-6.63081
652;-6.49437
653;-6.86172
654;-6.0613
655;-6.12611
656;-6.00624
657;-5.82204
658;-3.67763
659;-3.6195
660;-2.8628
661;-3.39647
662;2.731
663;-0.252775
664;-3.04748
665;-1.0035
666;-3.68273
667;-1.40097
668;-8.07813
669;-7.61756
670;-7.48472
671;-7.84155
672;-7.06639
673;-7.12796
674;-7.00857
675;-6.82579
676;-4.73485
677;-4.68484
678;-3.94982
679;-4.46866
680;2.58505
681;-1.38652
682;-4.12744
683;-3.61972
684;-2.92796
685;-0.475812
686;-7.67462
687;-7.17713
688;-7.02753
689;-7.42624
690;-6.58134
691;-6.6416
692;-6.5142
693;-6.31492
694;-4.07141
695;-4.00843
696;-3.21008
697;-3.77421
698;0.877804
699;-0.463349
700;-3.40221
701;-2.85194
702;-2.738
703;2.16743
704;-4.39297
705;-3.95559
706;-3.81952
707;-4.18449
708;-3.40291
709;-3.46242
710;-3.35204
711;-3.17815
712;-1.13183
713;-1.05977
714;-0.326142
715;-0.843372
716;1.20744
717;2.13632
718;-0.506987
719;-0.00832057
720;0.0842015
721;0.290107
722;-6.22439
723;-5.80869
724;-5.68823
725;-6.01433
726;-5.29361
727;-5.35548
728;-5.24816
729;-5.08467
730;-3.14647
731;-3.09433
732;-2.41299
733;-2.89301
734;3.30086
735;-0.0620949
736;-2.58055
737;-2.11382
738;-2.01613
739;-1.83098
740;-1.72844
741;0.37287
742;0.517022
743;0.130786
744;0.945884
745;0.886454
746;0.989453
747;1.158
748;3.21868
749;3.31978
750;4.07587
751;3.54362
752;-0.304477
753;6.49743
754;3.88499
755;4.38897
756;4.46211
757;4.68671
758;4.74266
759;3.66464
760;0.0755436
761;-0.264479
762;0.469214
763;0.410201
764;0.503696
765;0.653716
766;2.52956
767;2.61666
768;3.29848
769;2.81912
770;1.18165
771;5.49972
772;3.12511
773;3.57937
774;3.64826
775;3.8496
776;3.90627
777;2.93
778;4.23413
779;-0.403888
780;0.349434
781;0.292128
782;0.388633
783;0.544804
784;2.46362
785;2.55337
786;3.2534
787;2.76079
788;0.417275
789;5.51203
790;3.07656
791;3.54392
792;3.61466
793;3.82109
794;3.87829
795;2.87568
796;4.21383
797;-0.624974
798;0.74821
799;0.691732
800;0.793205
801;0.959809
802;2.97647
803;3.07511
804;3.81607
805;3.2942
806;-0.70248
807;6.19114
808;3.62976
809;4.12442
810;4.19662
811;4.41628
812;4.47139
813;3.41398
814;4.82414
815;-1.73498
816;4.3693
817;-0.106415
818;-0.00549101
819;0.158735
820;2.13758
821;2.22899
822;2.95242
823;2.44283
824;-0.273988
825;5.29249
826;2.77113
827;3.25572
828;3.33022
829;3.54249
830;3.60281
831;2.56425
832;3.94908
833;-1.33716
834;3.50126
835;0.850415
836;0.0462492
837;0.201819
838;2.11328
839;2.20015
840;2.89551
841;2.40621
842;0.70524
843;5.14895
844;2.71999
845;3.18485
846;3.25694
847;3.46103
848;3.52096
849;2.52225
850;3.85525
851;-0.359229
852;3.42111
853;0.868829
854;0.890037
855;0.0977891
856;1.93019
857;2.01221
858;2.67709
859;2.20941
860;1.07195
861;4.83626
862;2.5089
863;2.9533
864;3.02298
865;3.21783
866;3.27674
867;2.32076
868;3.59716
869;0.0313254
870;3.18022
871;0.736037
872;0.756133
873;3.02916
874;1.80527
875;1.88801
876;2.56212
877;2.08772
878;0.761932
879;4.75308
880;2.39222
881;2.84343
882;2.91454
883;3.11171
884;3.17174
885;2.20164
886;3.49631
887;-0.28502
888;3.07447
889;0.595493
890;0.616002
891;2.91908
892;2.55109
893;0.0271145
894;0.753563
895;0.241744
896;1.1128
897;3.16525
898;0.573029
899;1.06415
900;1.15058
901;1.35746
902;1.4372
903;0.376401
904;1.79055
905;-0.122176
906;1.32934
907;-1.37878
908;-1.35694
909;1.15215
910;0.752087
911;3.72652
912;0.719401
913;0.176616
914;0.406055
915;3.27249
916;0.529158
917;1.05041
918;1.14177
919;1.36086
920;1.44404
921;0.320047
922;1.81737
923;-0.87018
924;1.3315
925;-1.53538
926;-1.5119
927;1.13995
928;0.717039
929;3.86162
930;2.09959
931;-0.557371
932;1.6767
933;2.36126
934;-0.228762
935;0.259288
936;0.349145
937;0.551805
938;0.637874
939;-0.419425
940;0.990047
941;0.3896
942;0.528743
943;-2.17088
944;-2.14956
945;0.351347
946;-0.0470092
947;2.91933
948;1.25104
949;1.95158
950;1.46325
951;2.90787
952;0.283747
953;0.779658
954;0.868517
955;1.07636
956;1.15973
957;0.0870933
958;1.51719
959;0.187878
960;1.04978
961;-1.68914
962;-1.66728
963;0.870883
964;0.466353
965;3.47573
966;1.78733
967;2.49513
968;0.764458
969;1.21193
970;-1.5424
971;-1.02184
972;-0.922109
973;-0.711345
974;-0.615508
975;-1.74104
976;-0.244223
977;-1.38606
978;-0.728026
979;-3.59384
980;-3.57059
981;-0.930491
982;-1.35079
983;1.78581
984;0.0123359
985;0.759891
986;-1.05998
987;-1.40986
988;-2.54686
989;-2.08457
990;-1.98768
991;-1.80422
992;-1.70224
993;-2.71342
994;-1.36521
995;2.05335
996;-1.81183
997;-4.39559
998;-4.37657
999;-1.98286
1000;-2.36294
1001;0.480773
1002;-1.13735
1003;-0.452493
1004;-2.10414
1005;2.0229
1006;3.205
1007;0.445788
1008;0.535964
1009;0.742595
1010;0.827788
1011;-0.245611
1012;1.18494
1013;0.000140298
1014;0.718036
1015;-2.02167
1016;-1.99979
1017;0.536805
1018;0.132629
1019;3.1412
1020;1.45072
1021;2.16014
1022;0.427217
1023;-0.00803174
1024;1.07651
1025;3.32574
1026;0.043737
1027;0.252259
1028;0.342702
1029;-0.751769
1030;0.706537
1031;0.0863467
1032;0.230334
1033;-2.56264
1034;-2.5405
1035;0.0439347
1036;-0.367648
1037;2.69891
1038;0.97188
1039;1.69779
1040;-0.0719355
1041;0.0732022
1042;1.19919
1043;2.88449
1044;-0.568732
1045;0.167773
1046;0.261729
1047;-0.884626
1048;0.641934
1049;-0.487193
1050;0.145371
1051;-2.77793
1052;-2.75448
1053;-0.0529723
1054;-0.483252
1055;2.72304
1056;0.916768
1057;1.67618
1058;-0.176011
1059;-0.50228
1060;0.65885
1061;2.91653
1062;-1.16294
1063;1.74062
1064;0.0450476
1065;-1.07942
1066;0.418823
1067;0.270667
1068;-0.0709918
1069;-2.94062
1070;-2.91803
1071;-0.262889
1072;-0.685578
1073;2.46552
1074;0.688388
1075;1.43608
1076;-0.384287
1077;0.254286
1078;1.42829
1079;2.65469
1080;-0.414347
1081;1.50094
1082;0.448332
1083;-1.07894
1084;0.292987
1085;1.39308
1086;-0.159331
1087;-2.78784
1088;-2.76776
1089;-0.329835
1090;-0.717726
1091;2.17471
1092;0.542314
1093;1.22937
1094;-0.439968
1095;1.37795
1096;2.4976
1097;2.34801
1098;0.738559
1099;1.29119
1100;0.324131
1101;2.81649
1102;1.44713
1103;-0.672339
1104;0.960583
1105;-1.90688
1106;-1.88359
1107;0.768439
1108;0.345679
1109;3.49127
1110;1.72568
1111;2.46611
1112;0.654427
1113;-0.679332
1114;0.424484
1115;3.68519
1116;-1.30962
1117;2.52876
1118;1.48558
1119;4.17915
1120;3.41808
1121;0.0499049
1122;-0.527706
1123;-3.32841
1124;-3.30636
1125;-0.717916
1126;-1.12984
1127;1.94353
1128;0.206732
1129;0.938479
1130;-0.840638
1131;0.0293513
1132;1.18327
1133;2.12571
1134;-0.626021
1135;1.00143
1136;-0.0284502
1137;2.61905
1138;1.86877
1139;-0.727011
1140;-1.16669
1141;-3.94195
1142;-3.9202
1143;-1.3583
1144;-1.76576
1145;1.27789
1146;-0.447118
1147;0.281121
1148;-1.48556
1149;-0.077052
1150;1.08498
1151;1.45507
1152;-0.73485
1153;0.343417
1154;-0.681102
1155;1.94654
1156;1.20244
1157;-1.37314
1158;1.93373
1159;-2.56388
1160;-2.54532
1161;-0.206411
1162;-0.578379
1163;2.19502
1164;0.630115
1165;1.2886
1166;-0.308692
1167;2.66076
1168;3.77597
1169;2.36184
1170;2.02132
1171;1.35049
1172;0.423724
1173;2.81642
1174;2.12842
1175;-0.210239
1176;2.80025
1177;1.06069
1178;-0.0290934
1179;2.4747
1180;2.07517
1181;5.03853
1182;3.38813
1183;4.07638
1184;2.38562
1185;1.24824
1186;2.2904
1187;5.23013
1188;0.644401
1189;4.13868
1190;3.16804
1191;5.69474
1192;4.97335
1193;2.49462
1194;5.69308
1195;3.84017
1196;0.705349
1197;2.59633
1198;2.17378
1199;5.30767
1200;3.5627
1201;4.29034
1202;2.49947
1203;-0.068282
1204;0.987414
1205;5.51007
1206;-0.677948
1207;4.3535
1208;3.32714
1209;5.99536
1210;5.23875
1211;2.61699
1212;5.99789
1213;4.04159
1214;-0.62612
1215;5.85437
1216;-0.485148
1217;2.75472
1218;0.929256
1219;1.69678
1220;-0.173439
1221;0.202679
1222;1.39999
1223;2.9503
1224;-0.479811
1225;1.76329
1226;0.682611
1227;3.46746
1228;2.67745
1229;-0.0536158
1230;3.45843
1231;1.43326
1232;-0.407706
1233;3.30721
1234;0.916011
1235;3.20052
1236;1.37237
1237;2.14001
1238;0.265921
1239;-0.10084
1240;1.07478
1241;3.39893
1242;-0.771823
1243;2.20604
1244;1.12487
1245;3.91422
1246;3.12396
1247;0.386842
1248;3.90784
1249;1.87682
1250;-0.704824
1251;3.75711
1252;0.595831
1253;3.80224
1254;-1.78019
1255;-1.04681
1256;-2.81305
1257;1.68343
1258;2.94785
1259;0.119653
1260;0.968425
1261;-0.980947
1262;-2.0116
1263;0.62404
1264;-0.128544
1265;-2.7045
1266;0.600533
1267;-1.30055
1268;1.06504
1269;0.453648
1270;2.45738
1271;0.494154
1272;0.544813
1273;0.672812
1274;-1.08184
1275;0.848745
1276;2.02343
1277;1.84309
1278;0.1809
1279;0.736566
1280;-0.28101
1281;2.33453
1282;1.59032
1283;-0.971231
1284;2.32042
1285;0.423739
1286;0.259758
1287;2.17681
1288;1.55655
1289;2.21819
1290;2.26723
1291;1.59955
1292;-1.88287
1293;0.704217
1294;1.94762
1295;1.16591
1296;-5.13904e-05
1297;0.0158163
1298;-1.04895
1299;1.68068
1300;0.904881
1301;-1.76776
1302;1.6636
1303;-0.311255
1304;0.0847875
1305;1.51384
1306;1.45579
1307;1.55654
1308;1.60766
1309;0.908596
1310;0.694174
1311;0.901394
1312;2.04208
1313;2.87096
1314;0.249613
1315;1.76111
1316;0.750522
1317;3.35746
1318;2.61524
1319;0.0606304
1320;3.34722
1321;1.4506
1322;0.322984
1323;3.2043
1324;1.58445
1325;3.24621
1326;3.29495
1327;2.63253
1328;0.884544
1329;0.210719
1330;1.12638
1331;0.706271
1332;-0.714365
1333;-0.39169
1334;-1.41088
1335;1.1966
1336;0.458299
1337;-2.09628
1338;1.18097
1339;-0.702939
1340;-0.637625
1341;1.03918
1342;0.658852
1343;1.07975
1344;1.12787
1345;0.458858
1346;-0.0609707
1347;-0.757096
1348;0.0102187
1349;0.281312
1350;-1.95129
1351;-0.8787
1352;-1.9579
1353;0.796056
1354;0.0209285
1355;-2.6801
1356;0.781541
1357;-1.20514
1358;-1.87871
1359;0.634
1360;-0.538586
1361;0.676644
1362;0.726203
1363;0.0181724
1364;-1.28184
1365;-1.99686
1366;-0.448048
1367;0.169513
1368;1.44448
1369;-1.13246
1370;-2.14835
1371;0.449241
1372;-0.294311
1373;-2.83128
1374;0.423856
1375;-1.4489
1376;1.54521
1377;0.278059
1378;2.94105
1379;0.317834
1380;0.36835
1381;-0.300242
1382;2.16362
1383;1.39961
1384;-0.740841
1385;-0.157163
1386;1.60893
1387;-2.30074
1388;-3.3957
1389;-0.609463
1390;-1.40071
1391;-4.1251
1392;-0.635848
1393;-2.63775
1394;0.0489969
1395;-0.789438
1396;1.52242
1397;-0.747365
1398;-0.694762
1399;-1.41522
1400;0.702516
1401;-0.100007
1402;-1.87176
1403;-1.25644
1404;0.119492
1405;-0.299291
1406;-1.10094
1407;1.59144
1408;0.826584
1409;-1.80975
1410;1.57462
1411;-0.372864
1412;-0.00836934
1413;1.42706
1414;1.34268
1415;1.46914
1416;1.51947
1417;0.829759
1418;0.592192
1419;-0.135266
1420;0.361143
1421;0.973581
1422;0.0571309
1423;-0.326053
1424;0.18078
1425;2.78263
1426;1.98166
1427;-0.797517
1428;2.77267
1429;0.717064
1430;-1.08723
1431;2.61991
1432;0.258795
1433;2.66499
1434;2.71652
1435;1.99402
1436;-0.487256
1437;-1.20198
1438;1.48848
1439;2.1408
1440;-1.0191
1441;-1.39839
1442;1.29878
1443;-0.0677251
1444;-0.80773
1445;-3.40376
1446;-0.0758564
1447;-1.98783
1448;0.798974
1449;-0.223593
1450;2.21423
1451;-0.183189
1452;-0.132301
1453;-0.817587
1454;1.42636
1455;0.65371
1456;-1.26063
1457;-0.668782
1458;0.865153
1459;0.46164
1460;-1.43936
1461;1.86973
1462;2.56813
1463;-2.56553
1464;0.661561
1465;-1.19469
1466;0.914243
1467;0.518443
1468;2.26641
1469;0.558044
1470;0.607343
1471;-0.0542059
1472;1.51396
1473;0.777759
1474;-0.492779
1475;0.0866399
1476;0.977375
1477;0.591807
1478;-0.665117
1479;1.93703
1480;2.60538
1481;0.872663
1482;3.40183
1483;1.4103
1484;0.12552
1485;3.25209
1486;1.44645
1487;3.29606
1488;3.34704
1489;2.65085
1490;0.713677
1491;0.00878059
1492;2.15141
1493;2.78919
1494;0.189893
1495;-0.184376
1496;1.96966
1497;1.12494
1498;1.78307
1499;0.0849305
1500;1.71425
1501;-2.04911
1502;0.361602
1503;-0.203874
1504;1.82271
1505;-0.161586
1506;-0.108927
1507;-0.825229
1508;1.00973
1509;0.214511
1510;-1.28802
1511;-0.669647
1512;0.430991
1513;0.0152999
1514;-1.47522
1515;1.46743
1516;2.18892
1517;0.317626
1518;2.10452
1519;0.687125
1520;0.79519
1521;1.75127
1522;2.16606
1523;1.79353
1524;1.84473
1525;1.15559
1526;1.40404
1527;0.662974
1528;0.681455
1529;1.29782
1530;0.859923
1531;0.469687
1532;0.50193
1533;1.83206
1534;2.51179
1535;0.75281
1536;2.43658
1537;1.09832
1538;1.3069
1539;1.72493
1540;1.25818
1541;1.76629
1542;1.81538
1543;1.14211
1544;0.531531
1545;-0.171543
1546;0.6799
1547;1.28126
1548;0.0132661
1549;-0.357672
1550;0.503839
1551;0.940029
1552;1.58968
1553;-0.0899377
1554;1.51837
1555;0.240449
1556;1.29111
1557;1.53207
1558;2.94836
1559;-0.0104149
1560;0.0406439
1561;-0.635727
1562;2.15757
1563;1.37953
1564;-1.07659
1565;-0.489727
1566;1.59359
1567;1.18752
1568;-1.25237
1569;2.60218
1570;3.30235
1571;1.4847
1572;3.22015
1573;1.84274
1574;-0.484039
1575;-0.232687
1576;-0.672454
1577;0.581586
1578;0.633651
1579;-0.10241
1580;-0.835309
1581;-1.59304
1582;-0.586022
1583;0.0552341
1584;-1.39313
1585;-1.79178
1586;-0.779796
1587;-0.392886
1588;0.308314
1589;-1.50541
1590;0.229011
1591;-1.1467
1592;0.0658485
1593;0.323707
1594;-0.148705
1595;1.13828
1596;0.000388909
1597;-0.68823
1598;1.1019
1599;0.336034
1600;-1.13488
1601;-0.539101
1602;0.544505
1603;0.144082
1604;-1.31472
1605;1.54248
1606;2.23715
1607;0.435439
1608;2.15607
1609;0.791033
1610;-0.532108
1611;-0.28138
1612;-0.726579
1613;3.06013
1614;1.2988
1615;-0.732418
1616;1.71571
1617;0.940869
1618;-1.17498
1619;-0.584712
1620;1.15332
1621;0.748742
1622;-1.35261
1623;2.15963
1624;2.85885
1625;1.04417
1626;2.77679
1627;1.40198
1628;-0.578569
1629;-0.32722
1630;-0.769483
1631;3.68684
1632;1.91058
1633;-0.567201
1634;1.54331
1635;0.778213
1636;-0.506732
1637;0.0961479
1638;0.985576
1639;0.58484
1640;-0.686073
1641;1.98309
1642;2.67787
1643;0.876685
1644;2.59802
1645;1.2314
1646;0.103467
1647;0.355636
1648;-0.0914515
1649;3.49783
1650;1.73791
1651;0.108277
1652;1.82955
1653;-0.840057
1654;-1.39767
1655;-0.766051
1656;-0.627263
1657;-1.0407
1658;-1.5904
1659;0.407053
1660;1.12891
1661;-0.741721
1662;1.04486
1663;-0.371608
1664;-0.757441
1665;-0.495826
1666;-0.967343
1667;1.98611
1668;0.160732
1669;-0.749156
1670;0.255849
1671;0.554854
1672;-1.63955
1673;-1.01643
1674;0.169377
1675;-0.251499
1676;-1.82964
1677;1.21952
1678;1.95038
1679;0.0543985
1680;1.86424
1681;0.429213
1682;-1.00917
1683;-0.74624
1684;-1.21418
1685;2.81856
1686;0.96475
1687;-0.996449
1688;1.06141
1689;1.36423
1690;2.22579
1691;0.567623
1692;-0.144021
1693;-0.534494
1694;-0.234013
1695;0.831802
1696;1.51457
1697;-0.252339
1698;1.43787
1699;0.0959397
1700;0.577043
1701;0.828007
1702;0.374274
1703;2.31937
1704;0.598561
1705;0.574533
1706;0.688064
1707;0.972684
1708;1.77483
1709;-0.31391
1710;-0.354463
1711;-0.756192
1712;-0.86345
1713;0.649966
1714;1.35187
1715;-0.46577
1716;1.27164
1717;-0.106857
1718;-0.041342
1719;0.214911
1720;-0.247611
1721;2.18214
1722;0.410232
1723;-0.0388079
1724;0.502474
1725;0.79419
1726;1.62178
1727;-0.942793
1728;0.315379
1729;-0.425603
1730;0.344594
1731;0.887217
1732;1.54425
1733;-0.154763
1734;1.47177
1735;0.179614
1736;1.13791
1737;1.38117
1738;0.940021
1739;2.31612
1740;0.663348
1741;1.13053
1742;0.749234
1743;1.02388
1744;1.79362
1745;0.265168
1746;0.571281
1747;3.2667
1748;-0.416335
1749;1.29738
1750;1.96922
1751;0.229247
1752;1.893
1753;0.572077
1754;0.366742
1755;0.61235
1756;0.172013
1757;2.76155
1758;1.06457
1759;0.367343
1760;1.15288
1761;1.43292
1762;2.22018
1763;-0.49421
1764;0.968561
1765;3.7299
1766;2.36361
1767;1.04628
1768;1.73938
1769;-0.0541486
1770;1.66184
1771;0.299103
1772;0.773448
1773;1.02852
1774;0.568029
1775;2.55535
1776;0.808643
1777;0.769772
1778;0.899475
1779;1.18873
1780;2.00136
1781;-0.13235
1782;0.711238
1783;3.55697
1784;2.14723
1785;0.93169
1786;0.611117
1787;-1.0987
1788;0.537845
1789;-0.761326
1790;0.791724
1791;1.03687
1792;0.587442
1793;1.39065
1794;-0.270723
1795;0.784911
1796;-0.184373
1797;0.0912627
1798;0.872457
1799;-0.0959348
1800;-0.356386
1801;2.35521
1802;1.00816
1803;-0.146968
1804;-1.25461
1805;-1.83445
1806;-0.128007
1807;-1.48146
1808;0.157477
1809;0.412051
1810;-0.0568761
1811;0.766318
1812;-0.967364
1813;0.154498
1814;-0.877187
1815;-0.590808
1816;0.229823
1817;-0.762927
1818;-1.05113
1819;1.77773
1820;0.371144
1821;-0.834261
1822;-1.97819
1823;0.209901
1824;1.64715
1825;0.299415
1826;0.488677
1827;0.740102
1828;0.287126
1829;2.53287
1830;0.803251
1831;0.48751
1832;0.893232
1833;1.17903
1834;1.98368
1835;-0.399154
1836;0.707165
1837;3.5235
1838;2.1288
1839;0.92488
1840;-1.55298
1841;0.536098
1842;0.00397183
1843;-1.48822
1844;-0.272981
1845;-0.00400628
1846;-0.497523
1847;0.902872
1848;-0.942581
1849;-0.271968
1850;-0.846525
1851;-0.542713
1852;0.330136
1853;-1.23627
1854;-1.0317
1855;1.97668
1856;0.481881
1857;-0.801744
1858;-2.51302
1859;-0.213874
1860;-1.79381
1861;-1.45869
1862;-0.619702
1863;-0.360112
1864;-0.826381
1865;2.28904
1866;0.476708
1867;-0.611804
1868;0.571137
1869;0.868186
1870;1.71419
1871;-1.52152
1872;0.380122
1873;3.32638
1874;1.86798
1875;0.605737
1876;-2.71006
1877;-0.560809
1878;-0.358277
1879;-0.0345939
1880;1.53655
1881;0.198807
1882;-0.240802
1883;3.72949
1884;1.982
1885;-0.043552
1886;2.07303
1887;2.36012
1888;3.16374
1889;-0.9023
1890;1.87772
1891;4.71493
1892;3.31496
1893;2.09698
1894;-2.00588
1895;0.000178181
1896;1.17584
1897;1.48235
1898;2.9984
1899;1.20216
1900;-0.507901
1901;2.63978
1902;0.858393
1903;-0.299833
1904;0.951181
1905;1.24369
1906;2.07216
1907;-1.19317
1908;0.760366
1909;3.65631
1910;2.22368
1911;0.982909
1912;-2.35555
1913;-0.250903
1914;0.0370256
1915;0.353799
1916;1.89886
1917;0.0683814
1918;-0.0883407
1919;3.47537
1920;1.67518
1921;0.154385
1922;1.76892
1923;2.06525
1924;2.89605
1925;-0.74262
1926;1.56998
1927;4.49551
1928;3.05031
1929;1.79614
1930;-1.89994
1931;0.201155
1932;0.844215
1933;1.16142
1934;2.72385
1935;0.87193
1936;0.715177
1937;-3.08813
1938;-1.75962
1939;2.26836
1940;-1.67104
1941;-1.38359
1942;-0.568026
1943;1.29649
1944;-1.83973
1945;0.964801
1946;-0.436141
1947;-1.62173
1948;0.0015689
1949;2.32883
1950;-2.55388
1951;-2.23936
1952;-0.74901
1953;-2.52304
1954;-2.66341
1955;-1.30977
1956;0.724781
1957;-1.35461
1958;0.0501222
1959;0.364686
1960;1.26897
1961;-2.31689
1962;-0.148312
1963;2.98394
1964;1.43271
1965;0.0899643
1966;-3.58108
1967;-1.29899
1968;-0.936991
1969;-0.590809
1970;1.07851
1971;-0.896799
1972;-1.07018
1973;-4.85135
1974;2.72468
1975;0.0897555
1976;-0.341145
1977;-0.0255498
1978;0.875986
1979;-1.04551
1980;-0.537266
1981;2.58358
1982;1.03439
1983;-0.297952
1984;-2.35669
1985;0.00802991
1986;-1.32462
1987;-0.978804
1988;0.683337
1989;-1.28727
1990;-1.45457
1991;-3.68013
1992;2.32111
1993;-0.302435
1994;-0.956056
1995;0.253585
1996;1.11615
1997;-0.414779
1998;-0.241181
1999;2.75451
2000;1.26741
2001;-0.0102624
2002;-1.6801
2003;0.603974
2004;-0.99499
2005;-0.664155
2006;0.931782
2007;-0.961857
2008;-1.1201
2009;-2.96398
2010;2.49839
2011;-0.0172931
2012;-0.641658
2013;0.953002
2014;0.880601
2015;-2.3297
2016;-0.574056
2017;2.64115
2018;1.04724
2019;-0.329674
2020;-3.64479
2021;-1.27362
2022;-1.38607
2023;-1.02933
2024;0.683291
2025;-1.34363
2026;-1.52121
2027;-4.96292
2028;2.37686
2029;-0.329401
2030;-1.00834
2031;-0.903857
2032;0.21377
2033;-1.8717
2034;-1.52783
2035;1.73761
2036;0.11454
2037;-1.27942
2038;-3.25761
2039;-0.764817
2040;-2.35778
2041;-1.99249
2042;-0.255201
2043;-2.31323
2044;-2.4911
2045;-4.64232
2046;1.47144
2047;-1.27955
2048;-1.96845
2049;-0.375878
2050;-0.726934
2051;-3.73291
2052;1.57409
2053;4.49357
2054;3.05018
2055;1.80096
2056;-1.22518
2057;0.907691
2058;0.850265
2059;1.16657
2060;2.72563
2061;0.875749
2062;0.722205
2063;-2.43602
2064;4.23344
2065;1.78987
2066;1.18586
2067;1.22811
2068;2.2787
2069;-1.65653
2070;0.0977757
2071;3.07102
2072;1.52361
2073;0.188991
2074;-2.51256
2075;-0.187009
2076;-0.83513
2077;-0.490817
2078;1.17268
2079;-0.798759
2080;-0.967051
2081;-3.81531
2082;2.80699
2083;0.184428
2084;-0.469318
2085;0.170701
2086;0.710312
2087;-2.96694
2088;-1.0534
2089;-1.29247
2090;-1.56613
2091;-2.85115
2092;-1.7632
2093;0.727046
2094;-3.8628
2095;-3.51849
2096;-1.90881
2097;-3.82046
2098;-3.97919
2099;-3.14837
2100;-0.296058
2101;-2.85395
2102;-3.49038
2103;1.11408
2104;-2.33938
2105;-2.23325
2106;-0.204646
2107;-4.27911
2108;0.0327884
2109;-1.30371
2110;-2.46642
2111;-0.186108
2112;-2.27626
2113;-1.94693
2114;-0.382657
2115;-2.23721
2116;-2.39528
2117;-3.73596
2118;1.17146
2119;-1.30551
2120;-1.92403
2121;0.168168
2122;-0.807936
2123;-2.90227
2124;-1.03257
2125;-2.69234
2126;-0.819056
2127;-2.51986
2128;-3.06221
2129;-0.857708
2130;-1.03096
2131;-0.70046
2132;0.891278
2133;-0.993356
2134;-1.1571
2135;-4.29131
2136;2.46079
2137;-0.0518104
2138;-0.680784
2139;-0.51571
2140;0.452279
2141;-3.48896
2142;-1.67104
2143;-1.46463
2144;-1.46812
2145;-1.28986
2146;-0.256348
2147;2.22562
2148;-1.56484
2149;-1.25151
2150;0.250859
2151;-1.53666
2152;-1.67879
2153;-1.33755
2154;1.72538
2155;-0.643649
2156;-1.22598
2157;2.5692
2158;-0.168544
2159;-0.498647
2160;1.35273
2161;-1.97665
2162;1.56672
2163;-1.80347
2164;-0.830869
2165;0.702464
2166;-0.400051
2167;-0.0772485
2168;1.4895
2169;-0.367449
2170;-0.525483
2171;-3.44271
2172;3.02365
2173;0.556746
2174;-0.0574578
2175;0.282402
2176;1.05116
2177;-2.65028
2178;-0.861935
2179;-0.834782
2180;-0.662587
2181;-0.659891
2182;0.358053
2183;-1.47659
2184;-0.206445
2185;0.275837
2186;1.86515
2187;-0.0172581
2188;-0.179253
2189;-3.82533
2190;3.4191
2191;0.918342
2192;0.294489
2193;-0.1211
2194;1.4194
2195;-3.03899
2196;-1.25595
2197;-0.493661
2198;-1.05896
2199;-0.317083
2200;0.716415
2201;-1.86622
2202;-0.605471
2203;0.236286
2204;1.50216
2205;-0.339573
2206;-0.493772
2207;-2.86899
2208;3.0194
2209;0.576399
2210;-0.0296658
2211;0.874341
2212;1.06591
2213;-2.07127
2214;-0.279435
2215;-0.802595
2216;-0.0786675
2217;-0.627556
2218;0.380852
2219;-0.89869
2220;0.38095
2221;-0.0904498
2222;0.953694
2223;-1.76199
2224;-1.90237
2225;-2.23448
2226;1.37165
2227;-0.904673
2228;-1.46814
2229;1.44907
2230;-0.447813
2231;-1.44533
2232;0.308107
2233;-2.18257
2234;0.509803
2235;-2.01967
2236;-1.08686
2237;-0.302297
2238;0.960361
2239;-1.52726
2240;1.52212
2241;-0.630385
2242;-0.199173
2243;-2.93252
2244;3.16682
2245;0.826284
2246;0.245009
2247;0.606052
2248;1.29514
2249;-2.17949
2250;-0.482848
2251;-0.496073
2252;-0.293948
2253;-0.328662
2254;0.638721
2255;-1.06775
2256;0.140649
2257;0.187676
2258;0.682115
2259;1.10099
2260;-0.857157
2261;-3.44198
2262;3.51686
2263;1.03692
2264;0.419717
2265;0.255366
2266;1.53367
2267;-2.65641
2268;-0.879699
2269;-0.364543
2270;-0.683064
2271;-0.188107
2272;0.837537
2273;-1.48989
2274;-0.229403
2275;0.360508
2276;0.335666
2277;1.32726
2278;-1.27365
2279;-1.8376
2280;1.58704
2281;-0.605214
2282;-1.1393
2283;3.69087
2284;-0.165791
2285;0.755977
2286;2.51789
2287;-1.84049
2288;2.72379
2289;-1.67625
2290;-0.775816
2291;1.89185
2292;3.18659
2293;-1.20534
2294;3.76437
2295;-0.341711
2296;2.14517
2297;1.56476
2298;-0.40472
2299;-2.32907
2300;-2.89085
2301;2.36281
2302;-1.87104
2303;-0.703208
2304;1.14537
2305;-3.60172
2306;1.36342
2307;-3.438
2308;-2.51087
2309;0.49612
2310;1.84035
2311;-2.95362
2312;2.43539
2313;-2.04852
2314;0.750222
2315;0.146409
2316;-2.10829
2317;-1.54572
2318;-0.590897
2319;2.12722
2320;0.389913
2321;-0.659833
2322;1.02464
2323;-1.28917
2324;1.21744
2325;-1.12853
2326;-0.224012
2327;0.434548
2328;1.65448
2329;-0.65087
2330;2.19958
2331;0.211116
2332;0.661214
2333;0.114688
2334;0.149337
2335;0.708279
2336;1.52919
2337;0.452001
2338;1.01234
2339;-2.37401
2340;-0.652067
2341;-0.796993
2342;-0.459802
2343;-0.628665
2344;0.347888
2345;-1.24495
2346;-0.0198029
2347;-0.107713
2348;0.528358
2349;0.817029
2350;-1.03222
2351;-1.58069
2352;0.752208
2353;1.35623
2354;2.23742
2355;-0.551692
2356;3.32829
2357;-2.67518
2358;-1.06782
2359;1.507
2360;-0.895862
2361;1.67736
2362;2.66571
2363;-1.61697
2364;-0.484297
2365;2.2106
2366;0.0281062
2367;3.12461
2368;-1.42848
2369;-1.9339
2370;3.05591
2371;3.67734
2372;4.5423
2373;-0.976006
2374;3.20281
2375;-1.18089
2376;0.508161
2377;-1.73202
2378;0.70177
2379;-1.57311
2380;-0.66806
2381;-0.0808076
2382;1.13718
2383;-1.09498
2384;1.6801
2385;-0.228406
2386;0.142095
2387;-0.403878
2388;-0.288671
2389;0.267945
2390;1.0951
2391;0.615317
2392;-0.164781
2393;0.239231
2394;1.61991
2395;-0.381516
2396;1.80961
2397;-0.217475
2398;0.693135
2399;1.03189
2400;2.24673
2401;0.26409
2402;2.79208
2403;1.12334
2404;1.26083
2405;0.717226
2406;1.05872
2407;1.62634
2408;2.44135
2409;1.73622
2410;1.18909
2411;1.5997
2412;2.00289
2413;0.577658
2414;0.125723
2415;0.741514
2416;1.67757
2417;-0.604432
2418;0.539273
2419;1.24252
2420;1.05458
2421;2.11633
2422;-0.403759
2423;-0.91481
2424;2.05109
2425;2.63693
2426;3.4651
2427;0.0487525
2428;2.18766
2429;2.60959
2430;3.02292
2431;0.710202
2432;-0.21263
2433;0.114775
2434;1.06638
2435;-0.963815
2436;0.210696
2437;0.623473
2438;0.738117
2439;1.51777
2440;-0.759341
2441;-1.28462
2442;1.45303
2443;2.04526
2444;2.89509
2445;-0.296472
2446;1.58929
2447;2.01652
2448;2.44002
2449;0.0802222
2450;0.850029
2451;0.542965
2452;1.48821
2453;-0.788888
2454;0.367222
2455;1.04884
2456;0.887531
2457;1.93314
2458;-0.587118
2459;-1.10386
2460;1.86788
2461;2.45831
2462;3.29723
2463;-0.130209
2464;2.00492
2465;2.43036
2466;2.84893
2467;0.510327
2468;0.998876
2469;0.973765
2470;0.894744
2471;-0.968061
2472;0.204644
2473;0.454506
2474;0.730829
2475;1.34426
2476;-0.763635
2477;-1.28823
2478;1.28025
2479;1.86768
2480;2.71368
2481;-0.302031
2482;1.41497
2483;1.83895
2484;2.26028
2485;-0.0852368
2486;0.84213
2487;0.81628
2488;0.463053
2489;-0.864224
2490;0.385148
2491;-0.505271
2492;0.943303
2493;0.418299
2494;-0.643199
2495;-1.2028
2496;0.353846
2497;0.953264
2498;1.83397
2499;-0.154912
2500;0.488781
2501;0.92271
2502;1.35956
2503;-1.06021
2504;1.05932
2505;1.03109
2506;0.65776
2507;-0.270173
2508;1.12344
2509;1.22926
2510;1.65242
2511;2.10883
2512;0.160349
2513;-0.364197
2514;2.0423
2515;2.63239
2516;3.46538
2517;0.624034
2518;2.17999
2519;2.60521
2520;3.02022
2521;0.696072
2522;1.7661
2523;1.74057
2524;1.38363
2525;1.45134
2526;1.16687
2527;1.13623
2528;0.469981
2529;2.03424
2530;-1.00832
2531;-1.52499
2532;1.96847
2533;2.56835
2534;3.42059
2535;-0.550694
2536;2.10775
2537;2.53977
2538;2.9656
2539;0.587197
2540;0.581443
2541;0.556467
2542;0.206302
2543;1.36067
2544;1.07084
2545;5.11858
2546;-0.110326
2547;0.875856
2548;-1.64634
2549;-2.18431
2550;0.81178
2551;1.41673
2552;2.29994
2553;-1.17414
2554;0.948852
2555;1.38584
2556;1.82589
2557;-0.613564
2558;0.00214683
2559;-0.0245313
2560;-0.384022
2561;0.182295
2562;-0.117703
2563;4.03693
2564;-0.0188739
2565;3.29536
2566;-1.46963
2567;-1.96132
2568;3.22755
2569;3.83957
2570;4.68754
2571;-1.02837
2572;3.3728
2573;3.8118
2574;4.23811
2575;1.84244
2576;0.0592075
2577;0.0363663
2578;-0.301196
2579;2.61923
2580;2.33161
2581;6.39462
2582;2.4256
2583;2.80498
2584;-0.748999
2585;-1.30309
2586;-0.112516
2587;0.471784
2588;1.33916
2589;-0.26722
2590;0.0177396
2591;0.441283
2592;0.870921
2593;-1.50242
2594;0.933406
2595;0.905183
2596;0.537315
2597;-0.726619
2598;-1.02235
2599;3.03528
2600;-0.92464
2601;-0.570149
2602;0.109939
2603;-0.595219
2604;1.3867
2605;1.98561
2606;2.84453
2607;0.428553
2608;1.52452
2609;1.95693
2610;2.38396
2611;0.00269996
2612;1.61241
2613;1.58547
2614;1.21762
2615;0.777969
2616;0.484717
2617;4.55156
2618;0.581136
2619;0.948903
2620;1.62894
2621;1.65464
2622;0.526725
2623;1.09549
2624;1.92437
2625;0.968995
2626;0.655657
2627;1.06754
2628;1.47765
2629;-0.800975
2630;2.14436
2631;2.11681
2632;1.75165
2633;-0.057721
2634;-0.341454
2635;3.56176
2636;-0.247911
2637;0.0997411
2638;0.755013
2639;0.779548
2640;0.664189
2641;0.51219
2642;1.34431
2643;0.406043
2644;0.0754089
2645;0.483359
2646;0.894831
2647;-1.38154
2648;1.5783
2649;1.55057
2650;1.18924
2651;-0.63774
2652;-0.922123
2653;2.97594
2654;-0.828182
2655;-0.486209
2656;0.168259
2657;0.196583
2658;0.076345
2659;2.60479
2660;0.83426
2661;-0.304438
2662;-0.509703
2663;-0.0819161
2664;0.355476
2665;-2.05369
2666;0.928714
2667;0.899343
2668;0.522662
2669;-1.26514
2670;-1.56684
2671;2.55566
2672;-1.46699
2673;-1.1109
2674;-0.418992
2675;-0.384473
2676;-0.517175
2677;2.1558
2678;1.27514
2679;0.35451
2680;-1.36447
2681;-0.950109
2682;-0.522863
2683;-2.86743
2684;1.60215
2685;1.5716
2686;1.19017
2687;-2.09852
2688;-2.39557
2689;1.62944
2690;-2.29699
2691;-1.95496
2692;-1.27654
2693;-1.24317
2694;-1.37661
2695;1.23037
2696;0.375547
2697;0.865937
2698;0.260109
2699;0.708399
2700;1.16095
2701;-1.34298
2702;1.21701
2703;1.18732
2704;0.797815
2705;-0.525015
2706;-0.836628
2707;3.44476
2708;-0.733746
2709;-0.357558
2710;0.360004
2711;0.392684
2712;0.260488
2713;3.03839
2714;2.12013
2715;0.469038
2716;5.41457
2717;0.340182
2718;0.73318
2719;-1.44169
2720;2.10871
2721;2.08141
2722;1.72756
2723;-0.730981
2724;-1.00383
2725;2.72714
2726;-0.913664
2727;-0.586427
2728;0.0412981
2729;0.0663825
2730;-0.0480476
2731;2.37127
2732;1.57346
2733;1.43211
2734;4.44557
2735;-0.611591
2736;0.372276
2737;-1.95821
2738;1.44407
2739;1.41511
2740;1.04381
2741;-1.19562
2742;-1.48811
2743;2.50487
2744;-1.39132
2745;-1.04542
2746;-0.374319
2747;-0.343114
2748;-0.470163
2749;2.11853
2750;1.26594
2751;0.729823
2752;4.33817
2753;-1.06921
2754;-0.23495
2755;-2.29374
2756;2.11836
2757;2.08913
2758;1.71953
2759;-1.55906
2760;-1.84277
2761;2.01095
2762;-1.74876
2763;-1.41701
2764;-0.767237
2765;-0.73885
2766;-0.862339
2767;1.63448
2768;0.814379
2769;1.40867
2770;3.78006
2771;-1.43625
2772;-0.636052
2773;-0.131998
2774;-0.357648
2775;-0.383852
2776;-0.744561
2777;0.766019
2778;0.46004
2779;4.71968
2780;0.560657
2781;0.942633
2782;1.65129
2783;1.68638
2784;1.55941
2785;4.32774
2786;3.40611
2787;-1.05164
2788;6.68296
2789;0.899239
2790;1.80821
2791;2.35951
2792;-0.40576
2793;-0.0796572
2794;-0.474571
2795;0.242263
2796;-0.087943
2797;4.48675
2798;0.0208293
2799;0.427037
2800;1.1898
2801;1.22781
2802;1.08849
2803;4.05978
2804;3.07325
2805;-0.810943
2806;6.59231
2807;0.385501
2808;1.357
2809;1.95086
2810;-0.101776
2811;-0.333995
2812;-0.408388
2813;1.60407
2814;1.30128
2815;5.54136
2816;1.40058
2817;1.78771
2818;2.49214
2819;2.52343
2820;2.4032
2821;5.16081
2822;4.23956
2823;-0.709858
2824;7.50269
2825;1.73758
2826;2.64634
2827;3.19147
2828;-0.0750007
2829;1.07133
2830;-0.769181
2831;1.26419
2832;0.951472
2833;5.31438
2834;1.05415
2835;1.45004
2836;2.17629
2837;2.20809
2838;2.08278
2839;4.91898
2840;3.97336
2841;-0.365998
2842;7.33114
2843;1.40189
2844;2.33332
2845;2.89522
2846;0.30034
2847;0.716382
2848;-0.427708
2849;-0.701208
2850;-0.338952
2851;3.63537
2852;-0.243815
2853;0.109541
2854;0.775833
2855;0.802746
2856;0.684165
2857;3.26361
2858;2.40957
2859;0.988301
2860;5.46898
2861;0.0763784
2862;0.91281
2863;1.42739
2864;1.63943
2865;-0.547847
2866;0.930118
2867;0.662418
2868;-0.204219
2869;4.06961
2870;0.0476856
2871;0.414816
2872;1.10306
2873;1.13427
2874;1.01077
2875;3.68629
2876;2.7984
2877;-0.00282181
2878;5.96877
2879;0.377456
2880;1.25001
2881;1.78373
2882;0.64854
2883;-0.270101
2884;-0.0629834
2885;-0.330258
2886;-1.19174
2887;1.02862
2888;-3.7394
2889;-3.42665
2890;-2.78164
2891;-2.75515
2892;-2.88512
2893;-0.44015
2894;-1.23352
2895;3.09988
2896;1.67885
2897;-3.42775
2898;-2.66051
2899;-2.16029
2900;3.81777
2901;-4.02236
2902;3.03791
2903;2.74258
2904;1.7848
2905;-2.83374
2906;-2.58853
2907;0.301559
2908;0.961814
2909;0.986687
2910;0.871196
2911;3.42669
2912;2.58005
2913;1.29526
2914;5.61136
2915;0.267239
2916;1.09587
2917;1.60446
2918;1.94278
2919;-0.350861
2920;1.23819
2921;0.971723
2922;0.107299
2923;0.883901
2924;1.12316
2925;1.01283
2926;0.646213
2927;0.677745
2928;0.550795
2929;3.25169
2930;2.35754
2931;0.311544
2932;5.55969
2933;-0.0840607
2934;0.793279
2935;1.33368
2936;0.982955
2937;-0.738136
2938;0.249919
2939;-0.0256337
2940;-0.914216
2941;0.573444
2942;0.827825
2943;0.0244552
2944;-1.61647
2945;-0.00505387
2946;-0.157209
2947;2.87526
2948;1.87296
2949;-1.59932
2950;5.46542
2951;-0.862724
2952;0.124718
2953;0.73715
2954;-0.867738
2955;-1.59869
2956;-1.67113
2957;-1.96995
2958;-2.92334
2959;-0.113579
2960;0.175229
2961;-1.9012
2962;-3.69294
2963;-1.38266
2964;-0.176892
2965;2.46854
2966;1.5965
2967;1.33585
2968;4.73677
2969;-0.791898
2970;0.0602798
2971;0.591394
2972;2.02473
2973;-1.43291
2974;1.27438
2975;0.991248
2976;0.0751582
2977;-0.150013
2978;0.10235
2979;1.03686
2980;-0.643052
2981;1.53676
2982;0.00862609
2983;2.6961
2984;1.78873
2985;-0.452014
2986;5.04447
2987;-0.690224
2988;0.201284
2989;0.754341
2990;0.22722
2991;-1.35629
2992;-0.516385
2993;-0.794495
2994;-1.68667
2995;-0.0163406
2996;0.24491
2997;-0.737787
2998;-2.39885
2999;-0.251677
3000;-1.73813
3001;-4.43883
3002;-0.868064
3003;2.87166
3004;2.12503
3005;-3.12621
3006;-2.33415
3007;-1.82112
3008;3.5971
3009;-3.73732
3010;2.80868
3011;2.51031
3012;1.54311
3013;-2.51536
3014;-2.26498
3015;2.55187
3016;0.790137
3017;3.07495
3018;1.47162
3019;-1.43421
3020;-0.642764
3021;0.736802
3022;3.23566
3023;-2.53823
3024;-1.65391
3025;-1.09033
3026;1.47496
3027;-3.21066
3028;0.668393
3029;0.365941
3030;-0.606099
3031;-1.85857
3032;-1.58723
3033;0.421973
3034;-1.37726
3035;0.947955
3036;-0.663808
3037;-3.60791
3038;-2.80509
3039;-2.41581
3040;7.11441
3041;1.39905
3042;2.29596
3043;2.83691
3044;0.596485
3045;0.738563
3046;-0.109613
3047;-0.375325
3048;-1.23366
3049;2.06119
3050;2.3121
3051;-0.32689
3052;-1.91107
3053;0.145947
3054;-1.29534
3055;-3.86657
3056;-3.1852
3057;-2.83805
3058;-2.25027
3059;-5.40697
3060;-4.61308
3061;-4.08088
3062;4.65344
3063;-6.03288
3064;3.78839
3065;3.46106
3066;2.40096
3067;-4.78008
3068;-4.51468
3069;3.50487
3070;1.57612
3071;4.07381
3072;2.32588
3073;-0.870053
3074;0.010501
3075;0.411977
3076;1.14357
3077;-3.03571
3078;0.855312
3079;1.41265
3080;0.688708
3081;-0.72477
3082;-0.0605992
3083;-0.341832
3084;-1.24741
3085;0.6287
3086;0.890761
3087;-0.288607
3088;-1.96534
3089;0.206613
3090;-1.30612
3091;-4.03414
3092;-3.30231
3093;-2.93556
3094;-2.31145
3095;-5.89783
3096;-4.66049
3097;0.528418
3098;-0.0452393
3099;-1.67631
3100;-0.821595
3101;-1.11141
3102;-2.03933
3103;-0.275058
3104;-0.00121657
3105;-1.04997
3106;-2.78277
3107;-0.545176
3108;-2.08944
3109;-4.90509
3110;-4.14268
3111;-3.76018
3112;-3.11546
3113;-6.82484
3114;-5.54958
3115;-3.83446
3116;2.25081
3117;-2.03135
3118;1.49922
3119;1.21563
3120;0.298307
3121;-0.77365
3122;-0.523776
3123;1.26072
3124;-0.420678
3125;1.75995
3126;0.232646
3127;-2.52318
3128;-1.77929
3129;-1.41955
3130;-0.789174
3131;-4.40171
3132;-3.14703
3133;-1.46874
3134;-0.790498
3135;2.07329
3136;-0.725054
3137;-0.978797
3138;-1.79861
3139;3.40377
3140;3.65084
3141;-0.930455
3142;-2.44682
3143;-0.475805
3144;-1.8589
3145;-4.30864
3146;-3.6664
3147;-3.33069
3148;-2.77093
3149;-5.99213
3150;-4.88369
3151;-3.38989
3152;-2.79758
3153;-4.21988
3154;-0.427329
3155;-0.695269
3156;-1.55775
3157;1.27413
3158;1.52788
3159;-0.643056
3160;-2.24265
3161;-0.170016
3162;-1.61373
3163;-4.21014
3164;-3.5167
3165;-3.16483
3166;-2.57093
3167;-5.98615
3168;-4.80972
3169;-3.22752
3170;-2.59505
3171;-4.10868
3172;-4.16293
3173;-0.303045
3174;-1.12037
3175;2.39826
3176;2.63731
3177;-0.258032
3178;-1.76397
3179;0.193286
3180;-1.18146
3181;-3.62451
3182;-2.97979
3183;-2.64994
3184;-2.09163
3185;-5.30021
3186;-4.19263
3187;-2.70339
3188;-2.10984
3189;-3.53017
3190;-3.57944
3191;-2.34372
3192;-0.973099
3193;0.916142
3194;1.18097
3195;0.00129417
3196;-1.70177
3197;0.506712
3198;-1.03647
3199;-3.80905
3200;-3.06754
3201;-2.69641
3202;-2.0623
3203;-5.70437
3204;-4.44608
3205;-2.75676
3206;-2.07947
3207;-3.69613
3208;-3.74678
3209;-2.35016
3210;-1.28798
3211;1.2735
3212;1.51955
3213;0.874103
3214;-0.739448
3215;1.3587
3216;-0.119689
3217;-2.75329
3218;-2.0533
3219;-1.7059
3220;-1.10401
3221;-4.55562
3222;-3.35808
3223;-1.75333
3224;-1.10928
3225;-2.64254
3226;-2.68268
3227;-1.35397
3228;-0.353161
3229;-0.353161
3230;0.199452
3231;0.590736
3232;-1.05274
3233;1.07807
3234;-0.411614
3235;-3.09645
3236;-2.37434
3237;-2.01937
3238;-1.40523
3239;-4.92875
3240;-3.70837
3241;-2.07296
3242;-1.41448
3243;-2.98182
3244;-3.02383
3245;-1.67402
3246;-0.649695
3247;-0.649695
3248;-2.31297
3249;0.843213
3250;-0.808564
3251;1.33335
3252;-0.165322
3253;-2.86705
3254;-2.13953
3255;-1.78406
3256;-1.16606
3257;-4.71013
3258;-3.4813
3259;-1.83574
3260;-1.17226
3261;-2.74983
3262;-2.78935
3263;-1.43166
3264;-0.40282
3265;-0.40282
3266;-2.07352
3267;-2.0316
3268;-1.57887
3269;0.406357
3270;-0.986235
3271;-3.47045
3272;-2.81147
3273;-2.4779
3274;-1.91004
3275;-5.17207
3276;-4.04506
3277;-2.53103
3278;-1.92594
3279;-3.37182
3280;-3.41895
3281;-2.16445
3282;-1.21332
3283;-1.21332
3284;-2.7605
3285;-2.72207
3286;0.415294
3287;2.0401
3288;0.560528
3289;-2.06714
3290;-1.36929
3291;-1.02706
3292;-0.42672
3293;-3.86521
3294;-2.66842
3295;-1.06741
3296;-0.423391
3297;-1.95274
3298;-1.9859
3299;-0.660169
3300;0.332544
3301;0.332544
3302;-1.28492
3303;-1.24406
3304;2.04451
3305;0.499468
3306;-1.51223
3307;-4.15443
3308;-3.44453
3309;-3.08785
3310;-2.48326
3311;-5.95901
3312;-4.76126
3313;-3.1515
3314;-2.50628
3315;-4.04866
3316;-4.10158
3317;-2.77227
3318;-1.75502
3319;-1.75502
3320;-3.40508
3321;-3.36426
3322;-0.0294145
3323;-1.59382
3324;-0.443801
3325;-2.25497
3326;-1.67607
3327;-1.38474
3328;-0.881316
3329;-3.76807
3330;-2.76578
3331;-1.42194
3332;-0.884814
3333;-2.16481
3334;-2.1994
3335;-1.08311
3336;-0.247149
3337;-0.247149
3338;-1.61102
3339;-1.5768
3340;1.19923
3341;-0.101575
3342;0.859958
3343;0.966967
3344;0.585545
3345;0.885693
3346;1.4328
3347;-1.68918
3348;-0.592305
3349;0.86751
3350;1.45903
3351;0.0649172
3352;0.0535197
3353;1.26214
3354;2.15195
3355;2.15195
3356;0.698433
3357;0.73595
3358;3.70262
3359;2.30449
3360;3.34037
3361;-0.837215
3362;1.54781
3363;0.23337
3364;0.742517
3365;-2.16665
3366;-1.14758
3367;0.211655
3368;0.759627
3369;-0.536157
3370;-0.55374
3371;0.573842
3372;1.40626
3373;1.40626
3374;0.0459074
3375;0.0807495
3376;2.85752
3377;1.55169
3378;2.51918
3379;0.0859319
3380;0.843605
3381;3.08876
3382;0.465248
3383;-2.48287
3384;-1.45159
3385;-0.0744932
3386;0.479037
3387;-0.832191
3388;-0.853594
3389;0.29033
3390;1.13541
3391;1.13541
3392;-0.246271
3393;-0.211017
3394;2.61016
3395;1.28509
3396;2.26704
3397;0.650875
3398;0.566376
3399;2.8475
3400;2.87002
3401;-3.0869
3402;-2.02804
3403;-0.612697
3404;-0.0431573
3405;-1.39411
3406;-1.42036
3407;-0.247518
3408;0.626857
3409;0.626857
3410;-0.799209
3411;-0.763039
3412;2.14009
3413;0.775916
3414;1.78451
3415;-0.114216
3416;0.0294474
3417;2.37967
3418;2.39772
3419;0.416374
3420;1.06468
3421;2.54236
3422;3.14398
3423;1.73485
3424;1.73964
3425;2.96442
3426;3.85056
3427;3.85056
3428;2.39836
3429;2.43656
3430;5.41386
3431;4.00778
3432;5.0532
3433;-0.817885
3434;3.25896
3435;5.66043
3436;5.70372
3437;-0.339121
3438;-0.406978
3439;1.44996
3440;2.05942
3441;0.626327
3442;0.620449
3443;1.86221
3444;2.77226
3445;2.77226
3446;1.28484
3447;1.32348
3448;4.36221
3449;2.92857
3450;3.99157
3451;-1.13123
3452;2.15579
3453;4.61081
3454;4.64548
3455;-0.633167
3456;-0.707698
3457;-0.980394
3458;0.49302
3459;-0.793507
3460;-0.813675
3461;0.306079
3462;1.13472
3463;1.13472
3464;-0.219025
3465;-0.184466
3466;2.57738
3467;1.27927
3468;2.24065
3469;0.19902
3470;0.573859
3471;2.80759
3472;2.82938
3473;0.703807
3474;0.623187
3475;0.349686
3476;2.30681
3477;-1.42918
3478;-1.455
3479;-0.262653
3480;0.629232
3481;0.629232
3482;-0.823401
3483;-0.786548
3484;2.16626
3485;0.777227
3486;1.80305
3487;-0.88199
3488;0.0144995
3489;2.40611
3490;2.4236
3491;-0.361943
3492;-0.446873
3493;-0.738183
3494;1.32705
3495;1.17461
3496;-0.0630206
3497;1.17004
3498;2.07936
3499;2.07936
3500;0.594592
3501;0.632868
3502;3.66176
3503;2.23428
3504;3.29148
3505;-0.968872
3506;1.46048
3507;3.90942
3508;3.93869
3509;-0.458243
3510;-0.537036
3511;-0.818215
3512;1.2002
3513;1.05416
3514;3.21522
3515;1.10004
3516;1.94365
3517;1.94365
3518;0.562935
3519;0.598512
3520;3.42229
3521;2.09396
3522;3.0796
3523;0.344229
3524;1.37821
3525;3.65942
3526;3.68806
3527;0.852393
3528;0.773784
3529;0.502483
3530;2.45949
3531;2.32058
3532;3.01624
3533;0.378143
3534;0.796924
3535;0.796924
3536;-0.587994
3537;-0.552806
3538;2.27347
3539;0.947006
3540;1.92955
3541;0.852183
3542;0.225776
3543;2.51177
3544;2.53182
3545;1.39082
3546;1.30357
3547;1.01452
3548;3.08104
3549;2.9327
3550;1.86225
3551;0.887231
3552;1.05737
3553;-0.0503834
3554;-1.38625
3555;-1.35266
3556;1.3696
3557;0.0942595
3558;1.03783
3559;1.25213
3560;-0.603547
3561;1.60018
3562;1.61344
3563;1.79414
3564;1.70372
3565;1.41232
3566;3.48378
3567;3.33413
3568;0.970681
3569;1.28744
3570;1.45396
3571;2.0012
3572;-1.38625
3573;-1.35266
3574;1.3696
3575;0.0942595
3576;1.03783
3577;1.25213
3578;-0.603547
3579;1.60018
3580;1.61344
3581;1.79414
3582;1.70372
3583;1.41232
3584;3.48378
3585;3.33413
3586;0.970681
3587;1.28744
3588;1.45396
3589;2.0012
3590;1.99513
3591;-0.0107987
3592;3.13816
3593;1.65506
3594;2.75186
3595;-1.1111
3596;0.84598
3597;3.3942
3598;3.41922
3599;-0.573099
3600;-0.65833
3601;-0.957864
3602;1.17892
3603;1.02259
3604;2.66785
3605;-1.09174
3606;-0.916372
3607;-0.36065
3608;-0.367514
3609;-0.635856
3610;3.098
3611;1.61523
3612;2.7117
3613;-1.11451
3614;0.806036
3615;3.35393
3616;3.37862
3617;-0.576121
3618;-0.661544
3619;-0.961471
3620;1.17736
3621;1.02078
3622;2.62744
3623;-1.09534
3624;-0.920051
3625;-0.363656
3626;-0.370737
3627;-0.639424
3628;3.92112
3629;-1.39052
3630;-0.402096
3631;1.3924
3632;-2.13421
3633;0.190735
3634;0.192931
3635;1.98693
3636;1.88306
3637;1.55786
3638;3.84324
3639;3.67492
3640;-0.481464
3641;1.42479
3642;1.59989
3643;2.20883
3644;2.19487
3645;1.91549
3646;0.664722
3647;0.454304
3648;0.949045
3649;1.31217
3650;-0.790921
3651;1.54499
3652;1.55781
3653;1.88836
3654;1.79175
3655;1.48124
3656;3.68565
3657;3.52601
3658;0.876837
3659;1.34883
3660;1.52509
3661;2.10796
3662;2.10067
3663;1.83345
3664;2.04989
3665;1.82647
3666;4.29099
3667;-0.280237
3668;-1.96009
3669;0.595285
3670;0.598964
3671;0.320275
3672;0.215917
3673;-0.123154
3674;2.25091
3675;2.0729
3676;-0.146326
3677;-0.262469
3678;-0.0826625
3679;0.546406
3680;0.527521
3681;0.228788
3682;1.11055
3683;0.876364
3684;2.8873
3685;2.00534
3686;-1.19597
3687;1.23216
3688;1.24116
3689;0.516628
3690;0.420188
3691;0.104009
3692;2.33084
3693;2.16575
3694;0.531748
3695;-0.0286972
3696;0.144183
3697;0.732299
3698;0.718478
3699;0.440621
3700;1.73795
3701;1.50942
3702;2.93249
3703;2.10789
3704;0.952779
3705;2.69411
3706;2.713
3707;-1.04985
3708;-1.14505
3709;-1.47537
3710;0.860152
3711;0.686225
3712;1.90531
3713;-1.61863
3714;-1.43356
3715;-0.82335
3716;-0.837065
3717;-1.13442
3718;3.28172
3719;3.01232
3720;1.48889
3721;0.611452
3722;-0.596857
3723;1.50352
3724;-0.0519282
3725;0.284232
3726;0.17229
3727;-0.187583
3728;2.32044
3729;2.13087
3730;-0.825472
3731;-0.332728
3732;-0.146633
3733;0.5201
3734;0.496808
3735;0.179714
3736;0.470439
3737;0.23289
3738;2.98895
3739;2.056
3740;0.760182
3741;3.00994
3742;2.0183
3743;-0.00767792
3744;-0.122931
3745;-0.49525
3746;2.09688
3747;1.90027
3748;-0.856171
3749;-0.645247
3750;-0.453642
3751;0.235061
3752;0.20992
3753;-0.119403
3754;0.49142
3755;0.244193
3756;2.78602
3757;1.81912
3758;0.481157
3759;2.80616
3760;1.78131
3761;-1.05229
3762;-0.154857
3763;-0.494276
3764;1.87305
3765;1.69397
3766;-0.510154
3767;-0.632102
3768;-0.455674
3769;0.172328
3770;0.150524
3771;-0.14995
3772;0.735376
3773;0.505186
3774;2.50363
3775;1.62053
3776;0.398025
3777;2.522
3778;1.5853
3779;-0.688993
3780;0.642861
3781;-0.406513
3782;2.07938
3783;1.89171
3784;-0.46777
3785;-0.551438
3786;-0.365559
3787;0.293825
3788;0.271612
3789;-0.0432188
3790;0.840331
3791;0.59827
3792;2.74251
3793;1.81622
3794;0.53184
3795;2.76241
3796;1.77861
3797;-0.654446
3798;0.742704
3799;1.05071
3800;2.54572
3801;2.34799
3802;-1.73927
3803;-0.197944
3804;-0.00987739
3805;0.683414
3806;0.655675
3807;0.326624
3808;-0.445995
3809;-0.677624
3810;3.23398
3811;2.26861
3812;0.92905
3813;3.25587
3814;2.23174
3815;-1.93368
3816;-0.529709
3817;1.46821
3818;2.80077
3819;-0.247311
3820;-0.817462
3821;-2.73235
3822;-2.54969
3823;-1.879
3824;-1.91074
3825;-2.24379
3826;0.560203
3827;0.305717
3828;0.611609
3829;-0.352516
3830;-1.65218
3831;0.620569
3832;-0.381694
3833;-1.02786
3834;0.457318
3835;-1.11854
3836;0.169259
3837;-0.787503
3838;-0.385024
3839;-2.50692
3840;-2.32377
3841;-1.66261
3842;-1.69132
3843;-2.01845
3844;0.99109
3845;0.734525
3846;0.79978
3847;-0.150153
3848;-1.43552
3849;0.80989
3850;-0.18097
3851;-0.590148
3852;0.884498
3853;-0.908372
3854;0.364152
3855;-0.581499
3856;-0.626601
3857;-1.07649
3858;-0.893457
3859;-0.249872
3860;-0.271565
3861;-0.581921
3862;1.26577
3863;1.01941
3864;2.14915
3865;1.23786
3866;-0.0186032
3867;2.16617
3868;1.2018
3869;-0.237018
3870;1.16272
3871;0.491302
3872;1.73551
3873;0.812477
3874;0.765514
3875;1.16697
3876;0.139675
3877;0.828866
3878;0.803788
3879;0.477634
3880;0.0113441
3881;-0.225097
3882;3.37191
3883;2.41225
3884;1.07637
3885;3.39475
3886;2.37365
3887;-1.48566
3888;-0.0773896
3889;1.61363
3890;2.94132
3891;1.95945
3892;1.90526
3893;-0.0834798
3894;4.17043
3895;0.678169
3896;0.645857
3897;0.299711
3898;-1.16575
3899;-1.39855
3900;3.34639
3901;2.3339
3902;0.932374
3903;3.36868
3904;2.29745
3905;-2.69407
3906;-1.2446
3907;1.49637
3908;2.89259
3909;1.86114
3910;1.80325
3911;-1.26067
3912;4.18047
3913;0.534111
3914;-0.0752504
3915;-0.391489
3916;0.500907
3917;0.262569
3918;2.38808
3919;1.46129
3920;0.183195
3921;2.40596
3922;1.42608
3923;-0.986159
3924;0.406778
3925;0.700767
3926;1.96887
3927;1.02932
3928;0.980074
3929;0.404729
3930;3.14765
3931;-0.183049
3932;4.18231
3933;-0.404834
3934;-1.26071
3935;-1.49918
3936;2.68582
3937;1.654
3938;0.237623
3939;2.70475
3940;1.61999
3941;-2.82996
3942;-1.34183
3943;0.810361
3944;2.22102
3945;1.17803
3946;1.12107
3947;-1.35895
3948;3.52404
3949;-0.16906
3950;4.66983
3951;-0.126395
3952;-0.502166
3953;-0.756511
3954;3.1206
3955;2.06498
3956;0.606998
3957;3.14235
3958;2.02641
3959;-2.13685
3960;-0.59446
3961;1.19544
3962;2.64552
3963;1.57295
3964;1.51448
3965;-0.6055
3966;3.98738
3967;0.190925
3968;5.16651
3969;0.235306
3970;3.00247
3971;-0.303884
3972;2.93148
3973;1.90735
3974;0.492713
3975;2.95236
3976;1.86904
3977;-1.65892
3978;-0.145825
3979;1.0642
3980;2.46981
3981;1.42949
3982;1.37354
3983;-0.15299
3984;3.77277
3985;0.0886928
3986;4.9172
3987;0.132581
3988;2.81962
3989;3.05134
3990;2.05751
3991;1.02642
3992;-0.384478
3993;2.07407
3994;0.990701
3995;-1.43902
3996;0.109924
3997;0.189088
3998;1.58947
3999;0.551498
4000;0.498082
4001;0.104668
4002;2.8915
4003;-0.792457
4004;4.03459
4005;-0.746593
4006;1.93086
4007;2.16007
4008;0.860601
4009;-1.07714
4010;-2.45098
4011;-0.0443151
4012;-1.10618
4013;-0.837726
4014;0.766639
4015;-1.88396
4016;-0.524095
4017;-1.53572
4018;-1.58199
4019;0.766458
4020;0.749769
4021;-2.8601
4022;1.86686
4023;-2.81041
4024;-0.208854
4025;0.0101106
4026;-1.26374
4027;0.289486
4028;-1.48004
4029;1.01799
4030;-0.0834002
4031;-1.21803
4032;0.400235
4033;-0.894396
4034;0.522808
4035;-0.529499
4036;-0.580683
4037;0.397014
4038;1.84521
4039;-1.89971
4040;3.00558
4041;-1.85068
4042;0.859074
4043;1.08883
4044;-0.232477
4045;1.38353
4046;-0.0129745
4047;2.65056
4048;1.46326
4049;-3.29586
4050;-1.66277
4051;0.577199
4052;2.12039
4053;0.979208
4054;0.917398
4055;-1.68324
4056;3.5459
4057;-0.497151
4058;4.79956
4059;-0.450169
4060;2.48054
4061;2.72517
4062;1.2972
4063;3.04919
4064;1.53275
4065;0.744616
4066;-1.17498
4067;-1.73998
4068;-0.0665139
4069;-2.0019
4070;-0.558494
4071;-1.63122
4072;-1.68136
4073;-0.0739945
4074;0.789624
4075;-3.03636
4076;1.97284
4077;-2.98501
4078;-0.233936
4079;-0.00607366
4080;-1.3572
4081;0.289271
4082;-1.13406
4083;-1.87775
4084;-2.35182
4085;-1.52208
4086;0.0535155
4087;-0.84681
4088;0.544027
4089;-0.488254
4090;-0.538958
4091;0.0475742
4092;1.84018
4093;-1.83243
4094;2.97792
4095;-1.78491
4096;0.870577
4097;1.09443
4098;-0.201736
4099;1.38332
4100;0.0131792
4101;-0.703244
4102;-1.15974
4103;0.257422
4104;1.50923
4105;-0.122613
4106;1.2344
4107;0.22647
4108;0.177072
4109;1.51564
4110;2.50345
4111;-1.07968
4112;3.6159
4113;-1.03241
4114;1.5776
4115;1.80589
4116;0.543414
4117;2.09239
4118;0.755057
4119;0.051427
4120;-0.393677
4121;0.993615
4122;0.978978
4123;1.09818
4124;2.51358
4125;1.46594
4126;1.40965
4127;-0.0568132
4128;3.82599
4129;0.115951
4130;4.97861
4131;0.160245
4132;2.86723
4133;3.10114
4134;1.79285
4135;3.40249
4136;2.01091
4137;1.28326
4138;0.819224
4139;2.25858
4140;2.24324
4141;0.622724
4142;1.38175
4143;0.320313
4144;0.265842
4145;-0.250028
4146;2.71245
4147;-1.05609
4148;3.88108
4149;-1.00926
4150;1.72405
4151;1.9558
4152;0.625936
4153;2.25601
4154;0.846591
4155;0.110364
4156;-0.359488
4157;1.09762
4158;1.08532
4159;0.434816
4160;3.08686
4161;-1.01951
4162;-1.06343
4163;1.9588
4164;1.17304
4165;-2.28396
4166;2.24461
4167;-2.23537
4168;0.270324
4169;0.4877
4170;-0.730518
4171;0.758464
4172;-0.526465
4173;-1.20378
4174;-1.63102
4175;-0.296923
4176;-0.308834
4177;2.64946
4178;1.51667
4179;-2.00653
