0;696.828;1;622.272;2;621.705;3;622.733;4;622.704;5;592.162;6;682.979;7;681.386;8;596.421;9;621.698;10;668.705;32
0;696.871;1;622.364;2;621.75;3;622.782;4;622.791;5;592.197;6;683.121;7;681.418;8;596.487;9;621.743;10;668.74;27
0;696.915;1;622.397;2;621.767;3;622.802;4;622.814;5;592.184;6;683.086;7;681.398;8;596.451;9;621.76;10;668.771;18
0;696.826;1;622.321;2;621.727;3;622.758;4;622.748;5;592.167;6;683.067;7;681.367;8;596.49;9;621.721;10;668.715;18
0;696.811;1;622.348;2;621.75;3;622.772;4;622.766;5;592.175;6;683.03;7;681.408;8;596.534;9;621.743;10;668.732;31
0;696.827;1;622.398;2;621.792;3;622.805;4;622.812;5;592.363;6;683.103;7;681.443;8;596.587;9;621.785;10;668.808;32
0;696.827;1;622.478;2;621.913;3;622.935;4;622.907;5;592.382;6;683.162;7;681.482;8;596.594;9;621.906;10;668.889;28
0;696.963;1;622.558;2;621.983;3;623.021;4;623.006;5;592.494;6;683.235;7;681.555;8;596.698;9;621.975;10;668.914;24
0;697.073;1;622.619;2;622.061;3;623.079;4;623.053;5;592.589;6;683.346;7;681.657;8;596.737;9;622.054;10;669.001;16
0;697.119;1;622.693;2;622.092;3;623.132;4;623.139;5;592.448;6;683.331;7;681.737;8;596.78;9;622.085;10;669.025;19
0;697.142;1;622.732;2;622.191;3;623.203;4;623.186;5;592.503;6;683.399;7;681.794;8;596.734;9;622.184;10;669.12;21
0;697.037;1;622.701;2;622.156;3;623.17;4;623.148;5;592.614;6;683.397;7;681.764;8;596.788;9;622.149;10;669.088;20
0;697.091;1;622.594;2;622.049;3;623.077;4;623.044;5;592.433;6;683.271;7;681.685;8;596.73;9;622.042;10;668.98;31
0;696.923;1;622.51;2;621.936;3;622.961;4;622.94;5;592.463;6;683.177;7;681.612;8;596.559;9;621.93;10;668.894;46
0;696.716;1;622.378;2;621.821;3;622.833;4;622.791;5;592.252;6;683.166;7;681.572;8;596.47;9;621.814;10;668.782;22
0;696.671;1;622.353;2;621.779;3;622.803;4;622.768;5;592.203;6;683.107;7;681.545;8;596.419;9;621.773;10;668.793;27
0;696.647;1;622.244;2;621.661;3;622.687;4;622.669;5;592.156;6;683.041;7;681.48;8;596.343;9;621.654;10;668.71;31
0;696.379;1;621.905;2;621.424;3;622.439;4;622.361;5;591.893;6;682.684;7;681.321;8;596.188;9;621.418;10;668.386;44
0;696.297;1;621.761;2;621.322;3;622.314;4;622.223;5;591.831;6;682.581;7;681.178;8;596.05;9;621.315;10;668.294;42
0;696.328;1;621.799;2;621.321;3;622.325;4;622.25;5;591.807;6;682.651;7;681.254;8;596.062;9;621.314;10;668.311;42
0;696.379;1;621.906;2;621.406;3;622.414;4;622.355;5;591.799;6;682.662;7;681.281;8;596.022;9;621.399;10;668.412;40
0;696.497;1;621.984;2;621.471;3;622.494;4;622.439;5;592.009;6;682.754;7;681.401;8;596.125;9;621.465;10;668.5;40
0;696.497;1;621.984;2;621.471;3;622.494;4;622.439;5;592.009;6;682.754;7;681.401;8;596.125;9;621.465;10;668.5;38
0;696.445;1;621.949;2;621.498;3;622.509;4;622.405;5;591.959;6;682.787;7;681.326;8;596.161;9;621.492;10;668.46;41
0;696.536;1;621.928;2;621.469;3;622.465;4;622.379;5;591.86;6;682.753;7;681.336;8;596.043;9;621.462;10;668.418;39
0;696.536;1;621.928;2;621.469;3;622.465;4;622.379;5;591.86;6;682.753;7;681.336;8;596.043;9;621.462;10;668.418;39
0;696.315;1;621.779;2;621.331;3;622.343;4;622.238;5;591.868;6;682.586;7;681.222;8;596.001;9;621.325;10;668.284;39
0;696.315;1;621.779;2;621.331;3;622.343;4;622.238;5;591.868;6;682.586;7;681.222;8;596.001;9;621.325;10;668.284;36
0;696.269;1;621.718;2;621.281;3;622.275;4;622.173;5;591.843;6;682.54;7;681.16;8;595.975;9;621.274;10;668.247;39
0;696.281;1;621.727;2;621.277;3;622.276;4;622.181;5;591.818;6;682.485;7;681.179;8;595.935;9;621.27;10;668.238;32
0;696.35;1;621.703;2;621.253;3;622.242;4;622.152;5;591.855;6;682.478;7;681.167;8;595.961;9;621.247;10;668.236;20
0;696.443;1;621.822;2;621.381;3;622.378;4;622.275;5;591.919;6;682.598;7;681.292;8;596.041;9;621.374;10;668.328;25
0;696.357;1;621.889;2;621.456;3;622.435;4;622.341;5;591.997;6;682.67;7;681.292;8;596.138;9;621.45;10;668.378;32
0;696.473;1;621.942;2;621.512;3;622.494;4;622.394;5;592.14;6;682.677;7;681.423;8;596.119;9;621.507;10;668.462;32
0;696.635;1;622.032;2;621.579;3;622.582;4;622.477;5;592.198;6;682.804;7;681.407;8;596.209;9;621.573;10;668.504;38
0;696.583;1;622.012;2;621.602;3;622.59;4;622.455;5;592.229;6;682.726;7;681.43;8;596.257;9;621.596;10;668.49;39
0;696.525;1;622.001;2;621.598;3;622.584;4;622.454;5;592.243;6;682.708;7;681.399;8;596.297;9;621.592;10;668.479;37
0;696.459;1;621.955;2;621.528;3;622.512;4;622.407;5;592.185;6;682.661;7;681.36;8;596.245;9;621.522;10;668.413;34
0;696.431;1;621.924;2;621.527;3;622.522;4;622.398;5;592.169;6;682.631;7;681.294;8;596.211;9;621.521;10;668.366;36
0;696.524;1;622.012;2;621.61;3;622.615;4;622.492;5;592.206;6;682.72;7;681.384;8;596.31;9;621.604;10;668.405;40
0;696.685;1;622.224;2;621.819;3;622.791;4;622.654;5;592.254;6;682.89;7;681.484;8;596.411;9;621.813;10;668.592;33
0;696.776;1;622.452;2;622.054;3;623.049;4;622.908;5;592.541;6;683.132;7;681.792;8;596.648;9;622.047;10;668.86;35
0;696.835;1;622.584;2;622.236;3;623.215;4;623.052;5;592.595;6;683.209;7;681.918;8;596.876;9;622.23;10;669.029;30
0;696.842;1;622.572;2;622.224;3;623.202;4;623.045;5;592.689;6;683.168;7;681.938;8;596.825;9;622.217;10;668.978;44
0;696.677;1;622.495;2;622.184;3;623.149;4;622.964;5;592.728;6;683.106;7;681.845;8;596.838;9;622.177;10;668.908;26
0;696.718;1;622.569;2;622.277;3;623.242;4;623.044;5;592.75;6;683.132;7;681.934;8;596.909;9;622.271;10;668.982;23
0;696.828;1;622.733;2;622.469;3;623.436;4;623.225;5;593.028;6;683.265;7;682.136;8;597.138;9;622.463;10;669.164;36
0;696.926;1;622.949;2;622.617;3;623.58;4;623.418;5;593.211;6;683.407;7;682.217;8;597.199;9;622.611;10;669.34;29
0;697.072;1;622.94;2;622.646;3;623.608;4;623.42;5;593.273;6;683.376;7;682.258;8;597.244;9;622.639;10;669.291;26
0;697.066;1;622.92;2;622.623;3;623.596;4;623.403;5;593.246;6;683.291;7;682.195;8;597.252;9;622.617;10;669.268;35
0;696.989;1;622.879;2;622.636;3;623.589;4;623.359;5;593.25;6;683.249;7;682.126;8;597.205;9;622.629;10;669.221;30
0;696.86;1;622.845;2;622.571;3;623.529;4;623.326;5;593.132;6;683.185;7;682.022;8;597.165;9;622.565;10;669.146;28
0;696.743;1;622.803;2;622.55;3;623.509;4;623.302;5;593.093;6;683.127;7;682.042;8;597.166;9;622.543;10;669.066;26
0;696.733;1;622.801;2;622.541;3;623.499;4;623.293;5;593.177;6;683.112;7;682.068;8;597.077;9;622.534;10;669.088;36
0;696.77;1;622.827;2;622.545;3;623.506;4;623.324;5;593.174;6;683.091;7;682.066;8;597.107;9;622.538;10;669.079;40
0;696.746;1;622.85;2;622.619;3;623.58;4;623.354;5;593.198;6;683.144;7;682.066;8;597.22;9;622.612;10;669.145;27
0;696.788;1;622.829;2;622.547;3;623.513;4;623.336;5;593.193;6;683.124;7;682.006;8;597.207;9;622.541;10;669.099;35
0;696.765;1;622.86;2;622.559;3;623.519;4;623.353;5;593.1;6;683.169;7;682.029;8;597.19;9;622.553;10;669.143;41
0;696.957;1;622.937;2;622.622;3;623.587;4;623.424;5;593.253;6;683.242;7;682.114;8;597.291;9;622.615;10;669.196;34
0;696.945;1;622.903;2;622.647;3;623.619;4;623.411;5;593.277;6;683.279;7;682.1;8;597.283;9;622.64;10;669.268;27
0;696.869;1;622.816;2;622.613;3;623.572;4;623.322;5;593.371;6;683.238;7;682.103;8;597.23;9;622.606;10;669.207;32
0;696.592;1;622.595;2;622.459;3;623.413;4;623.096;5;593.332;6;683.055;7;681.964;8;597.067;9;622.453;10;669.07;36
0;696.471;1;622.479;2;622.342;3;623.292;4;622.97;5;593.192;6;682.892;7;681.887;8;597.068;9;622.335;10;668.954;37
0;696.372;1;622.396;2;622.257;3;623.203;4;622.877;5;593.109;6;682.846;7;681.84;8;596.912;9;622.25;10;668.871;34
0;696.543;1;622.453;2;622.311;3;623.263;4;622.944;5;593.204;6;682.815;7;681.812;8;596.93;9;622.304;10;668.906;35
0;696.591;1;622.516;2;622.361;3;623.339;4;623.037;5;593.261;6;682.951;7;681.919;8;597.016;9;622.354;10;669.034;35
0;696.594;1;622.507;2;622.304;3;623.277;4;623.008;5;593.204;6;682.959;7;681.87;8;596.983;9;622.297;10;669.006;31
0;696.545;1;622.414;2;622.217;3;623.185;4;622.898;5;593.176;6;682.837;7;681.831;8;596.916;9;622.21;10;668.921;35
0;696.543;1;622.441;2;622.225;3;623.182;4;622.918;5;593.195;6;682.881;7;681.787;8;596.961;9;622.218;10;668.934;36
0;696.598;1;622.47;2;622.249;3;623.211;4;622.944;5;593.112;6;682.905;7;681.814;8;596.899;9;622.242;10;668.953;28
0;696.687;1;622.53;2;622.329;3;623.288;4;623.02;5;593.185;6;683.011;7;681.849;8;596.928;9;622.322;10;669.048;30
0;696.687;1;622.639;2;622.428;3;623.401;4;623.151;5;593.394;6;683.07;7;681.942;8;597.052;9;622.422;10;669.141;42
0;696.797;1;622.706;2;622.484;3;623.448;4;623.206;5;593.306;6;683.155;7;681.928;8;597.219;9;622.477;10;669.252;36
0;696.926;1;622.818;2;622.612;3;623.574;4;623.309;5;593.373;6;683.274;7;682.027;8;597.236;9;622.605;10;669.384;37
0;697.112;1;622.947;2;622.73;3;623.702;4;623.437;5;593.499;6;683.393;7;682.163;8;597.363;9;622.723;10;669.42;33
0;697.064;1;622.951;2;622.694;3;623.667;4;623.441;5;593.535;6;683.357;7;682.158;8;597.373;9;622.687;10;669.429;34
0;696.928;1;622.819;2;622.606;3;623.573;4;623.317;5;593.451;6;683.207;7;682.011;8;597.311;9;622.599;10;669.281;27
0;696.919;1;622.664;2;622.457;3;623.408;4;623.145;5;593.22;6;683.07;7;681.931;8;597.288;9;622.45;10;669.158;30
0;696.816;1;622.657;2;622.453;3;623.423;4;623.158;5;593.33;6;683.06;7;681.949;8;597.223;9;622.447;10;669.143;57
0;696.89;1;622.704;2;622.459;3;623.431;4;623.198;5;593.242;6;683.066;7;681.899;8;597.15;9;622.453;10;669.183;213
0;696.918;1;622.686;2;622.45;3;623.433;4;623.189;5;593.254;6;683.146;7;681.975;8;597.178;9;622.443;10;669.178;17
0;696.812;1;622.635;2;622.394;3;623.357;4;623.127;5;593.282;6;683.077;7;681.863;8;597.079;9;622.387;10;669.149;26
0;696.884;1;622.644;2;622.427;3;623.395;4;623.149;5;593.232;6;683.109;7;681.953;8;597.192;9;622.421;10;669.167;38
0;697.077;1;622.841;2;622.587;3;623.562;4;623.339;5;593.404;6;683.25;7;682.109;8;597.321;9;622.581;10;669.347;37
0;697.118;1;622.951;2;622.738;3;623.698;4;623.437;5;593.549;6;683.37;7;682.178;8;597.462;9;622.731;10;669.416;36
0;697.189;1;622.952;2;622.746;3;623.716;4;623.451;5;593.62;6;683.35;7;682.22;8;597.535;9;622.738;10;669.405;33
0;697.13;1;622.892;2;622.697;3;623.667;4;623.402;5;593.586;6;683.313;7;682.13;8;597.426;9;622.689;10;669.391;30
0;696.982;1;622.778;2;622.612;3;623.574;4;623.288;5;593.461;6;683.202;7;682.047;8;597.273;9;622.605;10;669.292;36
0;696.951;1;622.825;2;622.65;3;623.612;4;623.34;5;593.447;6;683.199;7;682.075;8;597.276;9;622.642;10;669.296;31
0;697.056;1;622.839;2;622.639;3;623.607;4;623.364;5;593.503;6;683.234;7;682.092;8;597.35;9;622.632;10;669.301;41
0;696.985;1;622.774;2;622.592;3;623.543;4;623.285;5;593.276;6;683.166;7;681.965;8;597.348;9;622.585;10;669.238;29
0;696.933;1;622.609;2;622.427;3;623.399;4;623.135;5;593.238;6;683.036;7;681.824;8;597.183;9;622.42;10;669.068;35
0;696.808;1;622.475;2;622.281;3;623.246;4;622.977;5;593.122;6;682.859;7;681.714;8;597.004;9;622.274;10;668.878;33
0;696.736;1;622.43;2;622.244;3;623.204;4;622.935;5;593.025;6;682.808;7;681.657;8;596.931;9;622.237;10;668.841;34
0;696.882;1;622.475;2;622.256;3;623.225;4;622.972;5;593.09;6;682.825;7;681.661;8;596.994;9;622.25;10;668.845;38
0;696.885;1;622.514;2;622.273;3;623.25;4;623.025;5;593.126;6;682.936;7;681.66;8;596.944;9;622.266;10;668.92;40
0;696.928;1;622.52;2;622.326;3;623.293;4;623.009;5;593.178;6;682.965;7;681.683;8;597.017;9;622.319;10;668.953;41
0;696.999;1;622.586;2;622.33;3;623.314;4;623.081;5;593.126;6;682.979;7;681.732;8;597.018;9;622.323;10;668.999;33
0;697.037;1;622.618;2;622.393;3;623.376;4;623.128;5;593.198;6;682.953;7;681.727;8;597.067;9;622.387;10;669.094;31
0;696.899;1;622.627;2;622.39;3;623.391;4;623.138;5;593.186;6;682.994;7;681.711;8;597.032;9;622.383;10;669.085;34
0;697.056;1;622.578;2;622.387;3;623.372;4;623.089;5;593.091;6;682.947;7;681.679;8;597.104;9;622.38;10;669.021;32
0;696.91;1;622.531;2;622.319;3;623.3;4;623.026;5;593.045;6;682.848;7;681.649;8;597.092;9;622.312;10;669.007;34
0;696.943;1;622.525;2;622.342;3;623.32;4;623.021;5;592.984;6;682.884;7;681.629;8;597.074;9;622.335;10;668.969;31
0;696.863;1;622.546;2;622.366;3;623.348;4;623.056;5;592.984;6;682.886;7;681.629;8;597.1;9;622.359;10;668.989;33
0;696.899;1;622.557;2;622.351;3;623.324;4;623.043;5;593.028;6;682.884;7;681.569;8;597.015;9;622.344;10;668.983;41
0;696.863;1;622.524;2;622.319;3;623.299;4;623.021;5;592.889;6;682.82;7;681.497;8;597.034;9;622.312;10;668.917;40
0;696.905;1;622.64;2;622.422;3;623.413;4;623.149;5;593.065;6;682.919;7;681.571;8;597.088;9;622.416;10;669.064;29
0;697.003;1;622.772;2;622.579;3;623.568;4;623.294;5;593.185;6;683.12;7;681.688;8;597.208;9;622.572;10;669.21;25
0;697.045;1;622.907;2;622.699;3;623.681;4;623.415;5;593.39;6;683.15;7;681.772;8;597.312;9;622.692;10;669.28;38
0;697.121;1;622.982;2;622.759;3;623.738;4;623.478;5;593.39;6;683.139;7;681.811;8;597.461;9;622.752;10;669.315;32
0;697.073;1;622.961;2;622.72;3;623.702;4;623.458;5;593.429;6;683.047;7;681.77;8;597.441;9;622.713;10;669.289;33
0;697.093;1;622.937;2;622.686;3;623.676;4;623.443;5;593.397;6;683.044;7;681.701;8;597.347;9;622.68;10;669.232;25
0;697.025;1;622.911;2;622.683;3;623.656;4;623.417;5;593.401;6;683.031;7;681.701;8;597.332;9;622.676;10;669.192;25
0;696.988;1;622.891;2;622.686;3;623.667;4;623.404;5;593.362;6;682.947;7;681.603;8;597.347;9;622.679;10;669.149;33
0;696.932;1;622.871;2;622.653;3;623.625;4;623.38;5;593.285;6;682.928;7;681.569;8;597.379;9;622.647;10;669.091;47
0;696.923;1;622.874;2;622.632;3;623.61;4;623.377;5;593.172;6;682.877;7;681.575;8;597.262;9;622.625;10;669.107;37
0;696.907;1;622.863;2;622.63;3;623.611;4;623.366;5;593.233;6;682.84;7;681.556;8;597.299;9;622.624;10;669.085;32
0;696.914;1;622.882;2;622.648;3;623.637;4;623.391;5;593.105;6;682.791;7;681.443;8;597.223;9;622.642;10;669.039;32
0;696.916;1;622.902;2;622.692;3;623.672;4;623.412;5;593.219;6;682.81;7;681.495;8;597.288;9;622.686;10;669.088;42
0;696.97;1;622.987;2;622.762;3;623.75;4;623.492;5;593.206;6;682.819;7;681.565;8;597.401;9;622.756;10;669.081;34
0;696.918;1;623.127;2;622.875;3;623.878;4;623.638;5;593.306;6;682.649;7;681.546;8;597.452;9;622.869;10;668.956;29
0;696.865;1;623.223;2;623.001;3;624;4;623.724;5;593.384;6;682.417;7;681.462;8;597.472;9;622.994;10;668.816;54
0;696.914;1;623.293;2;623.064;3;624.06;4;623.794;5;593.406;6;682.375;7;681.468;8;597.533;9;623.057;10;668.725;18
0;696.992;1;623.388;2;623.197;3;624.205;4;623.908;5;593.517;6;682.411;7;681.518;8;597.608;9;623.19;10;668.762;32
0;696.911;1;623.441;2;623.241;3;624.254;4;623.978;5;593.499;6;682.145;7;681.448;8;597.611;9;623.235;10;668.699;23
0;696.7;1;623.577;2;623.4;3;624.429;4;624.154;5;593.528;6;681.706;7;681.253;8;597.706;9;623.394;10;668.582;37
0;696.425;1;623.86;2;623.642;3;624.738;4;624.474;5;593.422;6;681.236;7;680.957;8;597.748;9;623.636;10;668.499;28
0;695.905;1;624.149;2;623.903;3;625.054;4;624.785;5;593.371;6;680.787;7;680.775;8;597.985;9;623.896;10;668.4;33
0;695.6;1;624.287;2;624.084;3;625.237;4;624.934;5;593.363;6;680.371;7;680.487;8;598.251;9;624.078;10;668.161;31
0;695.41;1;624.432;2;624.27;3;625.402;4;625.091;5;593.336;6;680.118;7;680.303;8;598.317;9;624.264;10;667.915;31
0;695.401;1;624.603;2;624.462;3;625.588;4;625.274;5;593.301;6;680.005;7;680.294;8;598.456;9;624.457;10;668.027;36
0;695.46;1;624.692;2;624.592;3;625.702;4;625.355;5;593.526;6;680.066;7;680.348;8;598.743;9;624.586;10;668.269;42
0;695.496;1;624.785;2;624.654;3;625.756;4;625.43;5;593.613;6;680.209;7;680.362;8;598.844;9;624.648;10;668.544;32
0;695.58;1;624.699;2;624.667;3;625.738;4;625.331;5;593.67;6;680.225;7;680.304;8;598.828;9;624.662;10;668.608;35
0;695.466;1;624.516;2;624.496;3;625.557;4;625.129;5;593.507;6;680.154;7;680.133;8;598.706;9;624.49;10;668.538;32
0;695.424;1;624.385;2;624.423;3;625.47;4;625;5;593.381;6;680.156;7;680.087;8;598.575;9;624.417;10;668.575;30
0;695.313;1;624.376;2;624.392;3;625.419;4;624.974;5;593.422;6;680.134;7;680.06;8;598.592;9;624.386;10;668.56;37
0;695.297;1;624.33;2;624.358;3;625.39;4;624.932;5;593.335;6;680.066;7;679.963;8;598.561;9;624.352;10;668.576;27
0;695.411;1;624.318;2;624.357;3;625.365;4;624.896;5;593.265;6;680.081;7;679.929;8;598.545;9;624.351;10;668.57;35
0;695.452;1;624.325;2;624.408;3;625.416;4;624.917;5;593.233;6;680.179;7;679.974;8;598.591;9;624.402;10;668.657;34
0;695.479;1;624.313;2;624.387;3;625.391;4;624.892;5;593.353;6;680.186;7;680.002;8;598.61;9;624.381;10;668.665;35
0;695.582;1;624.269;2;624.312;3;625.314;4;624.856;5;593.115;6;680.354;7;680.086;8;598.471;9;624.306;10;668.691;35
0;695.719;1;624.165;2;624.215;3;625.2;4;624.738;5;593.087;6;680.579;7;680.179;8;598.38;9;624.209;10;668.668;35
0;695.776;1;623.949;2;624.024;3;625.01;4;624.542;5;593.095;6;680.652;7;680.257;8;598.234;9;624.017;10;668.669;37
0;696.167;1;623.896;2;623.837;3;624.838;4;624.481;5;593.161;6;680.881;7;680.389;8;598.059;9;623.831;10;668.729;34
0;696.287;1;623.774;2;623.685;3;624.703;4;624.369;5;593.206;6;681.055;7;680.453;8;597.994;9;623.679;10;668.708;43
0;696.5;1;623.665;2;623.544;3;624.533;4;624.238;5;593.397;6;681.359;7;680.775;8;597.888;9;623.538;10;668.75;37
0;696.874;1;623.683;2;623.538;3;624.52;4;624.24;5;593.548;6;681.824;7;681.261;8;597.881;9;623.532;10;668.864;34
0;697.118;1;623.685;2;623.513;3;624.494;4;624.245;5;593.682;6;682.039;7;681.591;8;597.936;9;623.507;10;669.019;26
0;697.02;1;623.61;2;623.486;3;624.464;4;624.171;5;593.705;6;682.154;7;681.711;8;597.872;9;623.48;10;669.03;26
0;623.558;1;623.406;2;624.363;3;624.093;4;593.677;5;682.254;6;681.725;7;597.798;8;623.4;9;668.982;54
0;623.542;1;623.4;2;624.349;3;624.074;4;593.629;5;682.33;6;681.744;7;597.73;8;623.394;9;669.023;24
0;623.531;1;623.371;2;624.336;3;624.067;4;593.583;5;682.411;6;681.815;7;597.723;8;623.365;9;669.07;27
0;623.589;1;623.382;2;624.352;3;624.131;4;593.596;5;682.538;6;681.922;7;597.775;8;623.377;9;669.096;24
0;623.668;1;623.439;2;624.411;3;624.202;4;593.707;5;682.656;6;681.986;7;597.817;8;623.433;9;669.166;19
0;623.715;1;623.529;2;624.496;3;624.256;4;593.75;5;682.784;6;682.127;7;597.907;8;623.523;9;669.28;11
0;623.78;1;623.559;2;624.527;3;624.317;4;593.837;5;682.832;6;682.24;7;597.913;8;623.552;9;669.333;32
0;623.817;1;623.579;2;624.544;3;624.339;4;593.883;5;682.934;6;682.32;7;598.047;8;623.572;9;669.335;25
0;623.806;1;623.553;2;624.534;3;624.344;4;593.933;5;682.942;6;682.239;7;597.939;8;623.547;9;669.32;21
0;623.957;1;623.673;2;624.632;3;624.473;4;593.939;5;683.162;6;682.47;7;598.071;8;623.666;9;669.409;24
0;623.992;1;623.739;2;624.698;3;624.503;4;594.041;5;683.219;6;682.518;7;598.187;8;623.733;9;669.452;17
0;624.051;1;623.758;2;624.712;3;624.553;4;594.158;5;683.251;6;682.548;7;598.161;8;623.751;9;669.495;18
0;624.046;1;623.781;2;624.744;3;624.553;4;594.079;5;683.233;6;682.556;7;598.183;8;623.774;9;669.481;27
0;624.023;1;623.742;2;624.703;3;624.534;4;594.019;5;683.213;6;682.498;7;598.2;8;623.736;9;669.465;25
0;624.043;1;623.784;2;624.756;3;624.567;4;594.175;5;683.294;6;682.587;7;598.255;8;623.777;9;669.539;16
0;624.086;1;623.784;2;624.755;3;624.595;4;594.155;5;683.307;6;682.613;7;598.181;8;623.777;9;669.543;24
0;624.002;1;623.741;2;624.704;3;624.515;4;594.147;5;683.26;6;682.478;7;598.189;8;623.734;9;669.473;20
0;623.862;1;623.617;2;624.587;3;624.39;4;594.076;5;683.155;6;682.408;7;598.123;8;623.61;9;669.401;26
0;623.82;1;623.616;2;624.573;3;624.347;4;594.007;5;683.146;6;682.385;7;598.138;8;623.61;9;669.343;21
0;623.903;1;623.701;2;624.661;3;624.426;4;594.053;5;683.214;6;682.478;7;598.224;8;623.695;9;669.425;21
0;624.033;1;623.784;2;624.751;3;624.543;4;594.176;5;683.324;6;682.567;7;598.269;8;623.778;9;669.567;14
0;624.058;1;623.804;2;624.773;3;624.57;4;594.27;5;683.375;6;682.611;7;598.308;8;623.797;9;669.612;12
0;624.073;1;623.824;2;624.786;3;624.581;4;594.242;5;683.362;6;682.622;7;598.36;8;623.817;9;669.554;28
0;624.054;1;623.786;2;624.763;3;624.558;4;594.207;5;683.388;6;682.532;7;598.363;8;623.78;9;669.536;17
0;624.086;1;623.831;2;624.804;3;624.596;4;594.266;5;683.439;6;682.613;7;598.355;8;623.824;9;669.613;17
0;624.127;1;623.846;2;624.815;3;624.628;4;594.257;5;683.477;6;682.68;7;598.379;8;623.839;9;669.622;36
0;624.069;1;623.797;2;624.779;3;624.578;4;594.336;5;683.445;6;682.654;7;598.352;8;623.791;9;669.567;21
0;623.988;1;623.722;2;624.705;3;624.5;4;594.135;5;683.414;6;682.57;7;598.221;8;623.716;9;669.496;25
0;623.904;1;623.649;2;624.629;3;624.435;4;594.023;5;683.358;6;682.467;7;598.223;8;623.643;9;669.42;33
0;623.848;1;623.663;2;624.638;3;624.382;4;594.063;5;683.32;6;682.51;7;598.248;8;623.656;9;669.401;32
0;623.914;1;623.713;2;624.681;3;624.445;4;594.181;5;683.319;6;682.542;7;598.217;8;623.707;9;669.448;27
0;623.995;1;623.821;2;624.784;3;624.528;4;594.336;5;683.397;6;682.681;7;598.33;8;623.814;9;669.552;28
0;624.125;1;623.967;2;624.921;3;624.647;4;594.49;5;683.493;6;682.766;7;598.545;8;623.96;9;669.668;36
0;624.269;1;624.131;2;625.099;3;624.799;4;594.633;5;683.65;6;682.949;7;598.737;8;624.124;9;669.825;63
0;624.424;1;624.313;2;625.292;3;624.97;4;594.701;5;683.759;6;683.143;7;598.794;8;624.307;9;670.009;60
0;624.584;1;624.483;2;625.45;3;625.142;4;594.848;5;683.914;6;683.259;7;598.971;8;624.476;9;670.167;220
0;624.718;1;624.567;2;625.547;3;625.28;4;595.106;5;684.015;6;683.374;7;599.093;8;624.561;9;670.281;12
0;624.807;1;624.678;2;625.65;3;625.367;4;595.105;5;684.131;6;683.511;7;599.281;8;624.671;9;670.35;33
0;624.862;1;624.741;2;625.708;3;625.417;4;595.075;5;684.177;6;683.523;7;599.222;8;624.735;9;670.449;25
0;624.951;1;624.797;2;625.769;3;625.508;4;595.128;5;684.243;6;683.618;7;599.369;8;624.791;9;670.507;26
0;625.015;1;624.893;2;625.867;3;625.57;4;595.2;5;684.347;6;683.632;7;599.354;8;624.886;9;670.565;15
0;625.003;1;624.885;2;625.845;3;625.548;4;595.198;5;684.311;6;683.638;7;599.314;8;624.879;9;670.558;15
0;625;1;624.886;2;625.858;3;625.558;4;595.157;5;684.301;6;683.69;7;599.393;8;624.879;9;670.559;18
0;624.981;1;624.845;2;625.823;3;625.542;4;595.166;5;684.272;6;683.65;7;599.284;8;624.838;9;670.532;23
0;625.008;1;624.869;2;625.836;3;625.554;4;595.196;5;684.269;6;683.674;7;599.389;8;624.862;9;670.536;24
0;625.074;1;624.934;2;625.912;3;625.624;4;595.233;5;684.354;6;683.656;7;599.407;8;624.928;9;670.648;21
0;625.139;1;624.961;2;625.935;3;625.682;4;595.304;5;684.409;6;683.729;7;599.47;8;624.955;9;670.682;20
0;625.143;1;625.019;2;625.998;3;625.696;4;595.33;5;684.405;6;683.72;7;599.481;8;625.013;9;670.677;25
0;625.194;1;625.029;2;625.984;3;625.722;4;595.295;5;684.472;6;683.773;7;599.578;8;625.022;9;670.711;24
0;625.33;1;625.158;2;626.124;3;625.867;4;595.423;5;684.539;6;683.895;7;599.579;8;625.152;9;670.812;36
0;625.416;1;625.207;2;626.177;3;625.953;4;595.445;5;684.617;6;683.915;7;599.691;8;625.2;9;670.867;27
0;625.342;1;625.161;2;626.129;3;625.879;4;595.295;5;684.508;6;683.857;7;599.602;8;625.154;9;670.759;26
0;625.213;1;624.978;2;625.956;3;625.737;4;595.225;5;684.39;6;683.646;7;599.491;8;624.972;9;670.626;20
0;625.088;1;624.873;2;625.834;3;625.611;4;595.035;5;684.337;6;683.566;7;599.446;8;624.866;9;670.521;25
0;625.069;1;624.809;2;625.779;3;625.592;4;594.927;5;684.223;6;683.547;7;599.339;8;624.803;9;670.485;26
0;625.045;1;624.788;2;625.761;3;625.574;4;594.913;5;684.272;6;683.457;7;599.229;8;624.782;9;670.481;26
0;625.026;1;624.772;2;625.74;3;625.547;4;594.894;5;684.25;6;683.465;7;599.282;8;624.766;9;670.452;20
0;625.031;1;624.757;2;625.73;3;625.557;4;594.875;5;684.228;6;683.473;7;599.269;8;624.751;9;670.455;30
0;625.061;1;624.811;2;625.793;3;625.595;4;594.809;5;684.297;6;683.549;7;599.382;8;624.804;9;670.491;25
0;625.087;1;624.843;2;625.814;3;625.615;4;594.807;5;684.236;6;683.584;7;599.342;8;624.837;9;670.484;36
0;625.133;1;624.905;2;625.873;3;625.661;4;594.943;5;684.352;6;683.598;7;599.431;8;624.898;9;670.569;26
0;625.193;1;624.985;2;625.954;3;625.72;4;595.132;5;684.405;6;683.614;7;599.562;8;624.978;9;670.627;25
0;625.226;1;625.06;2;626.024;3;625.749;4;595.06;5;684.45;6;683.625;7;599.68;8;625.053;9;670.632;23
0;625.232;1;625.054;2;626.023;3;625.763;4;595.25;5;684.462;6;683.66;7;599.526;8;625.047;9;670.63;35
0;625.247;1;625.097;2;626.06;3;625.78;4;595.312;5;684.408;6;683.606;7;599.542;8;625.09;9;670.684;20
0;625.242;1;625.061;2;626.029;3;625.773;4;595.319;5;684.426;6;683.593;7;599.597;8;625.054;9;670.667;13
0;625.242;1;625.107;2;626.078;3;625.778;4;595.274;5;684.433;6;683.64;7;599.633;8;625.1;9;670.661;39
0;625.219;1;625.107;2;626.062;3;625.75;4;595.231;5;684.373;6;683.628;7;599.589;8;625.101;9;670.591;21
0;625.158;1;624.999;2;625.965;3;625.692;4;595.148;5;684.321;6;683.52;7;599.435;8;624.992;9;670.548;20
0;625.116;1;625.011;2;625.959;3;625.644;4;595.221;5;684.374;6;683.507;7;599.462;8;625.004;9;670.547;17
0;625.141;1;624.995;2;625.959;3;625.68;4;595.126;5;684.339;6;683.53;7;599.471;8;624.988;9;670.541;12
0;625.141;1;624.952;2;625.903;3;625.654;4;595.047;5;684.335;6;683.515;7;599.443;8;624.945;9;670.535;14
0;625.158;1;624.984;2;625.938;3;625.671;4;595.154;5;684.35;6;683.513;7;599.413;8;624.977;9;670.561;19
0;625.204;1;625.046;2;626.009;3;625.726;4;595.125;5;684.364;6;683.553;7;599.478;8;625.04;9;670.601;21
0;625.295;1;625.168;2;626.116;3;625.809;4;595.251;5;684.495;6;683.66;7;599.571;8;625.162;9;670.692;27
0;625.406;1;625.236;2;626.2;3;625.929;4;595.373;5;684.518;6;683.731;7;599.74;8;625.23;9;670.797;29
0;625.456;1;625.31;2;626.271;3;625.996;4;595.505;5;684.635;6;683.891;7;599.786;8;625.304;9;670.861;20
0;625.487;1;625.363;2;626.335;3;626.04;4;595.538;5;684.699;6;683.893;7;599.827;8;625.357;9;670.868;20
0;625.459;1;625.366;2;626.324;3;626.008;4;595.581;5;684.585;6;683.96;7;599.891;8;625.36;9;670.862;26
0;625.522;1;625.38;2;626.325;3;626.059;4;595.57;5;684.647;6;683.923;7;599.898;8;625.374;9;670.909;21
0;625.583;1;625.446;2;626.403;3;626.136;4;595.582;5;684.679;6;684.007;7;599.958;8;625.44;9;670.944;18
0;625.62;1;625.517;2;626.465;3;626.168;4;595.642;5;684.729;6;684.093;7;599.979;8;625.512;9;671.014;17
0;625.657;1;625.568;2;626.528;3;626.215;4;595.674;5;684.771;6;684.151;7;600.036;8;625.562;9;671.038;20
0;625.671;1;625.565;2;626.523;3;626.225;4;595.632;5;684.761;6;684.046;7;599.992;8;625.56;9;671.039;18
0;625.738;1;625.619;2;626.576;3;626.287;4;595.749;5;684.843;6;684.2;7;600.061;8;625.614;9;671.144;21
0;625.82;1;625.671;2;626.626;3;626.368;4;595.738;5;684.957;6;684.208;7;600.105;8;625.665;9;671.193;27
0;625.8;1;625.666;2;626.621;3;626.35;4;595.806;5;684.954;6;684.216;7;600.12;8;625.66;9;671.159;36
0;625.822;1;625.728;2;626.686;3;626.378;4;595.832;5;684.926;6;684.211;7;600.048;8;625.722;9;671.195;37
0;625.903;1;625.788;2;626.745;3;626.462;4;595.797;5;685.037;6;684.282;7;600.111;8;625.781;9;671.312;34
0;625.946;1;625.834;2;626.806;3;626.509;4;595.856;5;685.076;6;684.364;7;600.188;8;625.828;9;671.308;21
0;626.01;1;625.868;2;626.839;3;626.563;4;595.841;5;685.097;6;684.365;7;600.233;8;625.862;9;671.345;30
0;626.042;1;625.948;2;626.9;3;626.594;4;595.929;5;685.144;6;684.406;7;600.259;8;625.941;9;671.376;16
0;626.059;1;625.97;2;626.932;3;626.621;4;595.919;5;685.202;6;684.466;7;600.248;8;625.964;9;671.434;127
0;626.121;1;625.98;2;626.948;3;626.675;4;595.929;5;685.209;6;684.476;7;600.282;8;625.973;9;671.429;25
0;626.141;1;626.035;2;626.989;3;626.688;4;595.996;5;685.251;6;684.458;7;600.319;8;626.029;9;671.433;27
0;626.144;1;626.01;2;626.971;3;626.695;4;595.883;5;685.239;6;684.458;7;600.323;8;626.003;9;671.426;31
0;626.175;1;626.041;2;627.009;3;626.732;4;595.812;5;685.303;6;684.482;7;600.297;8;626.035;9;671.466;32
0;626.245;1;626.063;2;627.039;3;626.781;4;595.827;5;685.339;6;684.511;7;600.357;8;626.057;9;671.526;33
0;626.218;1;626.027;2;626.991;3;626.744;4;595.884;5;685.336;6;684.455;7;600.332;8;626.021;9;671.505;40
0;626.212;1;626.017;2;626.983;3;626.735;4;595.752;5;685.36;6;684.491;7;600.366;8;626.011;9;671.493;31
0;626.32;1;626.086;2;627.061;3;626.841;4;595.859;5;685.445;6;684.626;7;600.404;8;626.08;9;671.622;24
0;626.412;1;626.215;2;627.184;3;626.939;4;595.984;5;685.571;6;684.749;7;600.532;8;626.209;9;671.706;33
0;626.493;1;626.258;2;627.247;3;627.052;4;596.038;5;685.595;6;684.765;7;600.568;8;626.252;9;671.793;32
0;626.491;1;626.251;2;627.239;3;627.023;4;596.01;5;685.626;6;684.815;7;600.592;8;626.245;9;671.819;40
0;626.407;1;626.174;2;627.16;3;626.925;4;595.809;5;685.541;6;684.666;7;600.528;8;626.168;9;671.715;32
0;626.399;1;626.116;2;627.107;3;626.906;4;595.909;5;685.537;6;684.59;7;600.431;8;626.111;9;671.675;28
0;626.424;1;626.152;2;627.15;3;626.941;4;595.843;5;685.58;6;684.637;7;600.551;8;626.146;9;671.71;32
0;626.471;1;626.206;2;627.196;3;627.001;4;595.808;5;685.605;6;684.677;7;600.505;8;626.2;9;671.746;26
0;626.502;1;626.209;2;627.212;3;627.027;4;595.85;5;685.627;6;684.698;7;600.536;8;626.203;9;671.798;42
0;626.468;1;626.17;2;627.163;3;626.982;4;595.792;5;685.578;6;684.667;7;600.429;8;626.164;9;671.775;33
0;626.473;1;626.19;2;627.178;3;626.987;4;595.876;5;685.612;6;684.667;7;600.502;8;626.184;9;671.731;41
0;626.554;1;626.282;2;627.266;3;627.081;4;595.942;5;685.672;6;684.759;7;600.647;8;626.276;9;671.797;26
0;626.553;1;626.251;2;627.251;3;627.083;4;595.838;5;685.641;6;684.736;7;600.539;8;626.245;9;671.781;40
0;626.495;1;626.225;2;627.222;3;627.026;4;595.888;5;685.602;6;684.669;7;600.419;8;626.219;9;671.743;12
0;626.461;1;626.215;2;627.205;3;626.982;4;595.872;5;685.563;6;684.68;7;600.568;8;626.209;9;671.673;12
0;626.47;1;626.206;2;627.198;3;627.004;4;595.883;5;685.589;6;684.648;7;600.558;8;626.2;9;671.722;25
0;626.535;1;626.318;2;627.312;3;627.079;4;596.011;5;685.652;6;684.758;7;600.612;8;626.312;9;671.826;28
0;626.631;1;626.365;2;627.348;3;627.167;4;596.102;5;685.723;6;684.905;7;600.647;8;626.359;9;671.9;20
0;626.619;1;626.353;2;627.345;3;627.161;4;596.116;5;685.729;6;684.788;7;600.604;8;626.348;9;671.866;16
0;626.484;1;626.181;2;627.165;3;627.008;4;595.974;5;685.566;6;684.64;7;600.511;8;626.175;9;671.724;16
0;626.376;1;626.062;2;627.048;3;626.886;4;595.823;5;685.449;6;684.558;7;600.402;8;626.057;9;671.607;19
0;626.342;1;626.031;2;627.033;3;626.869;4;595.778;5;685.468;6;684.462;7;600.345;8;626.026;9;671.594;18
0;626.322;1;626.033;2;627.022;3;626.831;4;595.786;5;685.414;6;684.493;7;600.454;8;626.027;9;671.559;18
0;626.297;1;626.033;2;627.028;3;626.82;4;595.797;5;685.488;6;684.51;7;600.366;8;626.027;9;671.595;20
0;626.327;1;626.02;2;626.997;3;626.831;4;595.799;5;685.481;6;684.518;7;600.468;8;626.014;9;671.56;19
0;626.338;1;626.018;2;627.014;3;626.854;4;595.917;5;685.502;6;684.603;7;600.458;8;626.012;9;671.613;19
0;626.396;1;626.056;2;627.041;3;626.909;4;596.025;5;685.531;6;684.616;7;600.534;8;626.05;9;671.7;17
0;626.505;1;626.162;2;627.153;3;627.035;4;596.14;5;685.642;6;684.752;7;600.58;8;626.156;9;671.821;24
0;626.517;1;626.119;2;627.122;3;627.04;4;596.162;5;685.709;6;684.785;7;600.732;8;626.113;9;671.846;19
0;626.396;1;626.003;2;627.01;3;626.906;4;596.027;5;685.617;6;684.61;7;600.473;8;625.997;9;671.769;20
0;626.26;1;625.862;2;626.856;3;626.761;4;595.914;5;685.527;6;684.563;7;600.431;8;625.857;9;671.637;34
0;626.182;1;625.775;2;626.773;3;626.685;4;595.703;5;685.477;6;684.512;7;600.388;8;625.77;9;671.566;34
0;626.215;1;625.82;2;626.821;3;626.72;4;595.75;5;685.541;6;684.544;7;600.396;8;625.815;9;671.626;22
0;626.215;1;625.837;2;626.835;3;626.714;4;595.856;5;685.486;6;684.573;7;600.331;8;625.832;9;671.628;28
0;626.15;1;625.793;2;626.787;3;626.651;4;595.828;5;685.464;6;684.507;7;600.351;8;625.788;9;671.567;18
0;626.107;1;625.741;2;626.742;3;626.623;4;595.883;5;685.424;6;684.467;7;600.294;8;625.736;9;671.575;20
0;626.122;1;625.766;2;626.765;3;626.635;4;595.854;5;685.411;6;684.53;7;600.373;8;625.761;9;671.555;21
0;626.205;1;625.858;2;626.848;3;626.707;4;595.893;5;685.523;6;684.612;7;600.429;8;625.852;9;671.666;22
0;626.323;1;626.003;2;627.004;3;626.837;4;596.006;5;685.61;6;684.685;7;600.611;8;625.997;9;671.802;20
0;626.406;1;626.097;2;627.095;3;626.925;4;596.193;5;685.72;6;684.748;7;600.742;8;626.092;9;671.843;19
0;626.463;1;626.165;2;627.147;3;626.98;4;596.275;5;685.776;6;684.887;7;600.778;8;626.16;9;671.947;21
0;626.522;1;626.176;2;627.178;3;627.046;4;596.276;5;685.81;6;684.861;7;600.804;8;626.17;9;671.959;20
0;626.583;1;626.276;2;627.263;3;627.111;4;596.301;5;685.914;6;684.979;7;600.863;8;626.27;9;672.042;21
0;626.683;1;626.376;2;627.375;3;627.221;4;596.446;5;686.089;6;685.099;7;600.984;8;626.371;9;672.161;26
0;626.774;1;626.427;2;627.442;3;627.319;4;596.473;5;686.12;6;685.122;7;601.117;8;626.422;9;672.249;18
0;626.728;1;626.386;2;627.391;3;627.27;4;596.482;5;686.077;6;685.081;7;601.075;8;626.381;9;672.167;35
0;626.666;1;626.358;2;627.358;3;627.21;4;596.445;5;686.01;6;685.079;7;601.003;8;626.352;9;672.149;25
0;626.636;1;626.297;2;627.306;3;627.175;4;596.409;5;685.948;6;685.032;7;600.86;8;626.292;9;672.062;21
0;626.567;1;626.266;2;627.267;3;627.102;4;596.337;5;685.91;6;684.911;7;600.863;8;626.261;9;672.036;40
0;626.585;1;626.259;2;627.251;3;627.109;4;596.398;5;685.94;6;684.999;7;600.863;8;626.254;9;672.079;19
0;626.689;1;626.358;2;627.357;3;627.226;4;596.391;5;686.03;6;685.024;7;600.943;8;626.353;9;672.137;23
0;626.786;1;626.443;2;627.452;3;627.324;4;596.508;5;686.114;6;685.129;7;601.021;8;626.438;9;672.211;37
0;626.764;1;626.43;2;627.435;3;627.302;4;596.557;5;686.081;6;685.149;7;600.917;8;626.425;9;672.184;22
0;626.684;1;626.35;2;627.357;3;627.216;4;596.52;5;685.984;6;685.024;7;600.936;8;626.345;9;672.107;27
0;626.619;1;626.324;2;627.333;3;627.16;4;596.48;5;686.025;6;684.997;7;600.945;8;626.319;9;672.099;22
0;626.663;1;626.302;2;627.308;3;627.198;4;596.367;5;685.901;6;684.932;7;601.039;8;626.297;9;672.057;24
0;626.679;1;626.322;2;627.333;3;627.216;4;596.336;5;685.921;6;685.003;7;600.934;8;626.317;9;672.045;24
0;626.686;1;626.306;2;627.305;3;627.221;4;596.34;5;685.91;6;684.955;7;600.867;8;626.3;9;672.032;20
0;626.686;1;626.306;2;627.305;3;627.221;4;596.34;5;685.91;6;684.955;7;600.867;8;626.3;9;672.032;23
0;626.738;1;626.39;2;627.399;3;627.28;4;596.436;5;685.945;6;685.021;7;600.939;8;626.385;9;672.105;24
0;626.83;1;626.474;2;627.484;3;627.364;4;596.526;5;686.05;6;685.115;7;601.005;8;626.469;9;672.166;30
0;626.897;1;626.526;2;627.553;3;627.439;4;596.58;5;686.106;6;685.143;7;600.979;8;626.521;9;672.251;22
0;626.948;1;626.57;2;627.573;3;627.468;4;596.569;5;686.146;6;685.157;7;601.068;8;626.565;9;672.268;24
0;627.006;1;626.6;2;627.618;3;627.529;4;596.562;5;686.224;6;685.202;7;601.176;8;626.595;9;672.297;20
0;627.085;1;626.708;2;627.723;3;627.607;4;596.522;5;686.19;6;685.268;7;601.195;8;626.703;9;672.359;30
0;627.204;1;626.795;2;627.817;3;627.72;4;596.614;5;686.355;6;685.338;7;601.347;8;626.789;9;672.476;18
0;627.268;1;626.897;2;627.922;3;627.791;4;596.865;5;686.415;6;685.385;7;601.363;8;626.891;9;672.53;20
0;627.269;1;626.913;2;627.931;3;627.778;4;596.691;5;686.397;6;685.372;7;601.379;8;626.908;9;672.536;29
0;627.286;1;626.84;2;627.865;3;627.794;4;596.762;5;686.399;6;685.327;7;601.325;8;626.835;9;672.489;20
0;627.291;1;626.888;2;627.89;3;627.787;4;596.694;5;686.369;6;685.385;7;601.363;8;626.883;9;672.525;29
0;627.35;1;626.955;2;627.972;3;627.849;4;596.66;5;686.484;6;685.437;7;601.396;8;626.95;9;672.576;26
0;627.349;1;626.887;2;627.926;3;627.853;4;596.518;5;686.461;6;685.376;7;601.333;8;626.882;9;672.561;21
0;627.251;1;626.849;2;627.879;3;627.762;4;596.52;5;686.399;6;685.258;7;601.284;8;626.844;9;672.489;14
0;627.325;1;626.944;2;627.967;3;627.839;4;596.58;5;686.471;6;685.368;7;601.309;8;626.939;9;672.559;18
0;627.439;1;627.03;2;628.067;3;627.953;4;596.67;5;686.541;6;685.478;7;601.437;8;627.025;9;672.68;26
0;627.487;1;627.092;2;628.119;3;628.01;4;596.818;5;686.663;6;685.595;7;601.545;8;627.088;9;672.698;20
0;627.467;1;627.06;2;628.074;3;627.974;4;596.792;5;686.649;6;685.572;7;601.56;8;627.054;9;672.69;21
0;627.33;1;626.981;2;627.994;3;627.834;4;596.669;5;686.498;6;685.442;7;601.452;8;626.975;9;672.592;32
0;627.32;1;626.971;2;627.979;3;627.821;4;596.662;5;686.475;6;685.447;7;601.361;8;626.965;9;672.564;19
0;627.353;1;626.972;2;627.991;3;627.865;4;596.635;5;686.508;6;685.473;7;601.441;8;626.967;9;672.546;97
0;627.321;1;626.937;2;627.959;3;627.822;4;596.666;5;686.474;6;685.42;7;601.4;8;626.931;9;672.576;19
0;627.249;1;626.88;2;627.893;3;627.745;4;596.638;5;686.401;6;685.303;7;601.288;8;626.875;9;672.467;30
0;627.199;1;626.818;2;627.837;3;627.701;4;596.564;5;686.363;6;685.299;7;601.286;8;626.813;9;672.425;24
0;627.239;1;626.844;2;627.849;3;627.723;4;596.557;5;686.391;6;685.28;7;601.331;8;626.839;9;672.472;22
0;627.324;1;626.933;2;627.955;3;627.831;4;596.676;5;686.449;6;685.345;7;601.402;8;626.928;9;672.539;20
0;627.382;1;627.04;2;628.049;3;627.886;4;596.712;5;686.562;6;685.463;7;601.43;8;627.035;9;672.603;22
0;627.393;1;627.012;2;628.023;3;627.896;4;596.708;5;686.542;6;685.396;7;601.397;8;627.006;9;672.615;30
0;627.432;1;627.056;2;628.071;3;627.943;4;596.709;5;686.547;6;685.472;7;601.494;8;627.051;9;672.611;26
0;627.475;1;627.091;2;628.112;3;627.984;4;596.733;5;686.624;6;685.49;7;601.514;8;627.086;9;672.644;23
0;627.478;1;627.081;2;628.093;3;627.979;4;596.857;5;686.605;6;685.49;7;601.485;8;627.075;9;672.713;20
0;627.481;1;627.071;2;628.095;3;627.986;4;596.716;5;686.618;6;685.48;7;601.471;8;627.067;9;672.677;22
0;627.484;1;627.071;2;628.106;3;628.001;4;596.688;5;686.569;6;685.431;7;601.44;8;627.066;9;672.654;25
0;627.407;1;627.044;2;628.057;3;627.909;4;596.588;5;686.548;6;685.398;7;601.448;8;627.039;9;672.621;19
0;627.434;1;627.032;2;628.06;3;627.945;4;596.7;5;686.537;6;685.437;7;601.513;8;627.027;9;672.646;24
0;627.492;1;627.079;2;628.106;3;627.996;4;596.819;5;686.634;6;685.506;7;601.56;8;627.074;9;672.669;17
0;627.463;1;627.067;2;628.091;3;627.965;4;596.667;5;686.622;6;685.5;7;601.547;8;627.062;9;672.664;14
0;627.416;1;626.995;2;628.024;3;627.914;4;596.703;5;686.574;6;685.486;7;601.534;8;626.99;9;672.64;18
0;627.392;1;626.994;2;628.025;3;627.903;4;596.653;5;686.544;6;685.439;7;601.419;8;626.988;9;672.607;24
0;627.496;1;627.085;2;628.098;3;627.999;4;596.783;5;686.627;6;685.506;7;601.48;8;627.08;9;672.709;26
0;627.649;1;627.234;2;628.271;3;628.172;4;596.953;5;686.798;6;685.658;7;601.741;8;627.229;9;672.856;28
0;627.759;1;627.364;2;628.388;3;628.291;4;597.061;5;686.939;6;685.81;7;601.742;8;627.36;9;673.002;27
0;627.706;1;627.334;2;628.357;3;628.241;4;597.106;5;686.861;6;685.786;7;601.846;8;627.33;9;672.942;27
0;627.6;1;627.219;2;628.246;3;628.117;4;596.924;5;686.692;6;685.661;7;601.687;8;627.214;9;672.785;28
0;627.53;1;627.144;2;628.172;3;628.039;4;596.854;5;686.641;6;685.627;7;601.659;8;627.138;9;672.706;30
0;627.533;1;627.141;2;628.173;3;628.058;4;596.8;5;686.654;6;685.559;7;601.592;8;627.136;9;672.756;27
0;627.56;1;627.182;2;628.203;3;628.076;4;596.914;5;686.664;6;685.625;7;601.648;8;627.177;9;672.777;23
0;627.684;1;627.303;2;628.326;3;628.21;4;596.935;5;686.796;6;685.687;7;601.73;8;627.298;9;672.88;30
0;627.867;1;627.462;2;628.502;3;628.396;4;597.017;5;686.954;6;685.879;7;601.916;8;627.457;9;673.076;25
0;628.052;1;627.658;2;628.679;3;628.562;4;597.281;5;687.119;6;686.12;7;602.043;8;627.652;9;673.254;23
0;628.215;1;627.8;2;628.807;3;628.695;4;597.395;5;687.28;6;686.264;7;602.237;8;627.794;9;673.414;24
0;628.32;1;627.916;2;628.939;3;628.817;4;597.444;5;687.282;6;686.369;7;602.361;8;627.91;9;673.48;19
0;628.391;1;628.004;2;629.028;3;628.895;4;597.573;5;687.361;6;686.368;7;602.433;8;627.999;9;673.529;26
0;628.52;1;628.121;2;629.133;3;629.036;4;597.591;5;687.526;6;686.465;7;602.532;8;628.115;9;673.667;35
0;628.686;1;628.32;2;629.349;3;629.22;4;597.736;5;687.676;6;686.699;7;602.617;8;628.315;9;673.82;29
0;628.847;1;628.451;2;629.481;3;629.378;4;597.811;5;687.758;6;686.74;7;602.81;8;628.446;9;673.979;22
0;628.843;1;628.42;2;629.452;3;629.371;4;597.838;5;687.764;6;686.841;7;602.771;8;628.415;9;673.974;15
0;628.743;1;628.342;2;629.367;3;629.272;4;597.759;5;687.686;6;686.649;7;602.762;8;628.336;9;673.897;22
0;628.679;1;628.312;2;629.339;3;629.221;4;597.704;5;687.651;6;686.659;7;602.616;8;628.306;9;673.872;28
0;628.749;1;628.33;2;629.349;3;629.271;4;597.83;5;687.669;6;686.684;7;602.723;8;628.325;9;673.881;22
0;628.747;1;628.365;2;629.394;3;629.287;4;597.812;5;687.603;6;686.668;7;602.76;8;628.359;9;673.882;23
0;629.081;1;628.674;2;629.691;3;629.589;4;598.316;5;687.994;6;687.052;7;602.963;8;628.669;9;674.184;27
0;628.944;1;628.574;2;629.591;3;629.472;4;598.227;5;687.879;6;686.898;7;602.901;8;628.569;9;674.096;24
0;628.489;1;628.366;2;629.359;3;629.023;4;598.436;5;687.592;6;686.886;7;602.875;8;628.361;9;674.045;29
0;628.467;1;628.352;2;629.346;3;629.011;4;598.331;5;687.567;6;686.882;7;602.659;8;628.347;9;673.936;38
0;628.474;1;628.354;2;629.35;3;629.017;4;598.341;5;687.503;6;686.846;7;602.722;8;628.348;9;673.969;26
0;628.465;1;628.351;2;629.342;3;629.014;4;598.383;5;687.535;6;686.831;7;602.811;8;628.345;9;673.952;25
0;628.469;1;628.351;2;629.341;3;629.022;4;598.36;5;687.491;6;686.811;7;602.74;8;628.346;9;673.905;12
0;628.439;1;628.285;2;629.285;3;628.998;4;598.341;5;687.484;6;686.693;7;602.625;8;628.279;9;673.818;16
0;628.496;1;628.314;2;629.316;3;629.057;4;598.33;5;687.443;6;686.74;7;602.723;8;628.308;9;673.842;22
0;628.573;1;628.38;2;629.376;3;629.132;4;598.398;5;687.514;6;686.801;7;602.751;8;628.374;9;673.917;30
0;628.557;1;628.372;2;629.366;3;629.118;4;598.404;5;687.484;6;686.785;7;602.779;8;628.366;9;673.862;20
0;628.529;1;628.339;2;629.332;3;629.082;4;598.351;5;687.429;6;686.731;7;602.746;8;628.333;9;673.849;25
0;628.559;1;628.354;2;629.363;3;629.117;4;598.399;5;687.468;6;686.826;7;602.794;8;628.348;9;673.862;18
0;628.663;1;628.424;2;629.427;3;629.224;4;598.529;5;687.574;6;686.826;7;602.9;8;628.418;9;673.952;23
0;628.753;1;628.546;2;629.54;3;629.317;4;598.516;5;687.612;6;686.902;7;602.859;8;628.54;9;674.034;24
0;628.74;1;628.538;2;629.535;3;629.31;4;598.663;5;687.597;6;686.95;7;602.979;8;628.532;9;674.038;30
0;628.649;1;628.445;2;629.456;3;629.223;4;598.464;5;687.539;6;686.876;7;602.881;8;628.44;9;673.914;22
0;628.564;1;628.39;2;629.387;3;629.129;4;598.423;5;687.505;6;686.784;7;602.784;8;628.384;9;673.833;24
0;628.569;1;628.384;2;629.38;3;629.127;4;598.467;5;687.541;6;686.745;7;602.69;8;628.379;9;673.843;24
0;628.579;1;628.372;2;629.354;3;629.122;4;598.432;5;687.474;6;686.786;7;602.819;8;628.367;9;673.832;22
0;628.568;1;628.36;2;629.359;3;629.117;4;598.378;5;687.484;6;686.757;7;602.787;8;628.355;9;673.831;22
0;628.535;1;628.312;2;629.322;3;629.094;4;598.379;5;687.443;6;686.723;7;602.737;8;628.307;9;673.818;19
0;628.535;1;628.334;2;629.337;3;629.083;4;598.374;5;687.469;6;686.687;7;602.682;8;628.329;9;673.795;19
0;628.584;1;628.388;2;629.382;3;629.135;4;598.334;5;687.465;6;686.775;7;602.707;8;628.383;9;673.833;21
0;628.612;1;628.413;2;629.409;3;629.165;4;598.459;5;687.511;6;686.819;7;602.7;8;628.408;9;673.834;23
0;628.584;1;628.417;2;629.401;3;629.131;4;598.381;5;687.497;6;686.754;7;602.773;8;628.413;9;673.836;22
0;628.59;1;628.398;2;629.382;3;629.138;4;598.362;5;687.441;6;686.696;7;602.756;8;628.393;9;673.833;15
0;628.612;1;628.401;2;629.393;3;629.156;4;598.35;5;687.482;6;686.729;7;602.689;8;628.397;9;673.806;23
0;628.592;1;628.408;2;629.388;3;629.13;4;598.399;5;687.505;6;686.751;7;602.759;8;628.402;9;673.817;20
0;628.637;1;628.405;2;629.402;3;629.193;4;598.407;5;687.502;6;686.765;7;602.732;8;628.398;9;673.836;48
0;628.603;1;628.406;2;629.392;3;629.144;4;598.311;5;687.473;6;686.729;7;602.765;8;628.4;9;673.792;22
0;628.578;1;628.38;2;629.375;3;629.132;4;598.253;5;687.443;6;686.711;7;602.689;8;628.373;9;673.741;34
0;628.57;1;628.375;2;629.371;3;629.122;4;598.385;5;687.402;6;686.713;7;602.697;8;628.368;9;673.742;38
0;628.596;1;628.393;2;629.384;3;629.139;4;598.293;5;687.465;6;686.733;7;602.742;8;628.387;9;673.729;51
0;628.63;1;628.416;2;629.409;3;629.177;4;598.305;5;687.463;6;686.74;7;602.756;8;628.41;9;673.805;52
0;628.652;1;628.402;2;629.397;3;629.187;4;598.185;5;687.486;6;686.697;7;602.648;8;628.395;9;673.787;28
0;628.652;1;628.411;2;629.407;3;629.196;4;598.277;5;687.492;6;686.714;7;602.729;8;628.405;9;673.834;21
0;628.71;1;628.467;2;629.464;3;629.25;4;598.268;5;687.592;6;686.739;7;602.783;8;628.461;9;673.878;28
0;628.819;1;628.588;2;629.593;3;629.373;4;598.483;5;687.591;6;686.821;7;602.777;8;628.581;9;673.982;37
0;628.946;1;628.708;2;629.688;3;629.459;4;598.526;5;687.734;6;687.026;7;602.948;8;628.7;9;674.085;37
0;628.946;1;628.738;2;629.728;3;629.48;4;598.562;5;687.777;6;687.008;7;602.986;8;628.729;9;674.115;35
0;628.959;1;628.769;2;629.754;3;629.497;4;598.677;5;687.764;6;687.057;7;602.998;8;628.761;9;674.135;38
0;628.928;1;628.752;2;629.742;3;629.465;4;598.625;5;687.729;6;686.963;7;602.852;8;628.744;9;674.06;36
0;628.919;1;628.721;2;629.706;3;629.459;4;598.586;5;687.776;6;686.98;7;602.891;8;628.713;9;674.071;37
0;628.962;1;628.755;2;629.741;3;629.497;4;598.589;5;687.784;6;687.076;7;602.946;8;628.747;9;674.09;32
0;628.984;1;628.832;2;629.802;3;629.519;4;598.648;5;687.777;6;687.057;7;603.004;8;628.823;9;674.122;29
0;629.034;1;628.873;2;629.849;3;629.566;4;598.664;5;687.847;6;687.125;7;603.111;8;628.865;9;674.178;37
0;629.073;1;628.938;2;629.92;3;629.605;4;598.653;5;687.886;6;687.116;7;603.15;8;628.929;9;674.231;31
0;629.066;1;628.877;2;629.872;3;629.605;4;598.679;5;687.922;6;687.074;7;603.117;8;628.869;9;674.225;31
0;629.076;1;628.918;2;629.903;3;629.609;4;598.704;5;687.876;6;687.143;7;603.121;8;628.91;9;674.249;38
0;629.11;1;628.947;2;629.94;3;629.637;4;598.775;5;687.921;6;687.158;7;603.208;8;628.938;9;674.291;41
0;629.172;1;628.998;2;629.981;3;629.685;4;598.831;5;687.997;6;687.209;7;603.285;8;628.989;9;674.334;51
0;629.247;1;629.073;2;630.07;3;629.767;4;598.801;5;688.028;6;687.223;7;603.325;8;629.064;9;674.394;26
0;629.264;1;629.056;2;630.057;3;629.785;4;598.764;5;688.095;6;687.29;7;603.33;8;629.047;9;674.409;34
0;629.3;1;629.165;2;630.155;3;629.827;4;598.866;5;688.09;6;687.326;7;603.371;8;629.156;9;674.465;40
0;629.379;1;629.195;2;630.198;3;629.903;4;598.912;5;688.156;6;687.377;7;603.359;8;629.187;9;674.491;33
0;629.455;1;629.29;2;630.288;3;630.004;4;599.028;5;688.261;6;687.471;7;603.512;8;629.282;9;674.604;28
0;629.531;1;629.351;2;630.357;3;630.087;4;599.085;5;688.277;6;687.547;7;603.571;8;629.343;9;674.629;44
0;629.544;1;629.343;2;630.352;3;630.095;4;599.014;5;688.314;6;687.527;7;603.587;8;629.335;9;674.654;31
0;629.528;1;629.404;2;630.404;3;630.082;4;599.189;5;688.25;6;687.575;7;603.561;8;629.396;9;674.67;27
0;629.462;1;629.383;2;630.379;3;630.027;4;599.238;5;688.256;6;687.593;7;603.622;8;629.375;9;674.645;28
0;629.466;1;629.393;2;630.388;3;630.035;4;599.335;5;688.225;6;687.623;7;603.641;8;629.385;9;674.664;44
0;629.447;1;629.389;2;630.378;3;630.022;4;599.407;5;688.197;6;687.614;7;603.594;8;629.381;9;674.651;26
0;629.471;1;629.409;2;630.398;3;630.05;4;599.366;5;688.206;6;687.656;7;603.718;8;629.401;9;674.677;52
0;629.499;1;629.489;2;630.467;3;630.078;4;599.584;5;688.268;6;687.708;7;603.814;8;629.481;9;674.73;69
0;629.524;1;629.49;2;630.469;3;630.1;4;599.546;5;688.283;6;687.764;7;603.783;8;629.482;9;674.778;175
0;629.566;1;629.526;2;630.506;3;630.143;4;599.601;5;688.31;6;687.75;7;603.738;8;629.518;9;674.788;859
0;629.524;1;629.486;2;630.468;3;630.099;4;599.54;5;688.266;6;687.715;7;603.727;8;629.478;9;674.704;19
0;629.479;1;629.422;2;630.404;3;630.035;4;599.456;5;688.251;6;687.668;7;603.678;8;629.414;9;674.661;28
0;629.449;1;629.372;2;630.354;3;630.014;4;599.371;5;688.201;6;687.628;7;603.618;8;629.364;9;674.664;39
0;629.453;1;629.381;2;630.364;3;630.017;4;599.376;5;688.191;6;687.647;7;603.615;8;629.372;9;674.633;31
0;629.474;1;629.386;2;630.388;3;630.045;4;599.42;5;688.249;6;687.664;7;603.615;8;629.378;9;674.678;39
0;629.456;1;629.387;2;630.376;3;630.014;4;599.37;5;688.331;6;687.69;7;603.668;8;629.379;9;674.744;38
0;629.45;1;629.365;2;630.352;3;630.002;4;599.356;5;688.408;6;687.727;7;603.66;8;629.357;9;674.816;39
0;629.468;1;629.398;2;630.383;3;629.999;4;599.375;5;688.435;6;687.767;7;603.631;8;629.39;9;674.9;27
0;629.462;1;629.435;2;630.432;3;630.006;4;599.392;5;688.417;6;687.809;7;603.704;8;629.427;9;674.929;37
0;629.467;1;629.438;2;630.441;3;630.023;4;599.406;5;688.487;6;687.882;7;603.733;8;629.43;9;674.989;41
0;629.441;1;629.436;2;630.43;3;629.989;4;599.372;5;688.476;6;687.849;7;603.648;8;629.428;9;674.98;36
0;629.394;1;629.386;2;630.38;3;629.948;4;599.337;5;688.375;6;687.82;7;603.623;8;629.378;9;674.944;32
0;629.395;1;629.356;2;630.346;3;629.935;4;599.316;5;688.4;6;687.777;7;603.659;8;629.348;9;674.909;24
0;629.401;1;629.347;2;630.332;3;629.931;4;599.289;5;688.382;6;687.777;7;603.634;8;629.339;9;674.884;30
0;629.324;1;629.287;2;630.283;3;629.862;4;599.27;5;688.366;6;687.721;7;603.602;8;629.279;9;674.833;28
0;629.286;1;629.236;2;630.233;3;629.816;4;599.258;5;688.33;6;687.746;7;603.557;8;629.228;9;674.776;33
0;629.303;1;629.272;2;630.248;3;629.828;4;599.269;5;688.283;6;687.7;7;603.523;8;629.264;9;674.768;33
0;629.294;1;629.262;2;630.253;3;629.833;4;599.254;5;688.293;6;687.685;7;603.611;8;629.254;9;674.767;35
0;629.293;1;629.252;2;630.231;3;629.831;4;599.209;5;688.321;6;687.685;7;603.484;8;629.244;9;674.754;35
0;629.301;1;629.264;2;630.254;3;629.846;4;599.231;5;688.288;6;687.675;7;603.552;8;629.256;9;674.758;35
0;629.327;1;629.273;2;630.273;3;629.872;4;599.19;5;688.284;6;687.651;7;603.582;8;629.266;9;674.782;34
0;629.324;1;629.298;2;630.281;3;629.862;4;599.286;5;688.341;6;687.699;7;603.559;8;629.291;9;674.779;32
0;629.384;1;629.364;2;630.373;3;629.939;4;599.307;5;688.407;6;687.776;7;603.628;8;629.356;9;674.928;24
0;629.504;1;629.462;2;630.463;3;630.073;4;599.469;5;688.518;6;687.837;7;603.672;8;629.454;9;674.959;27
0;629.504;1;629.48;2;630.466;3;630.068;4;599.491;5;688.498;6;687.889;7;603.685;8;629.473;9;675.005;33
0;629.479;1;629.437;2;630.437;3;630.058;4;599.394;5;688.5;6;687.86;7;603.743;8;629.43;9;674.965;32
0;629.429;1;629.376;2;630.374;3;629.988;4;599.48;5;688.473;6;687.796;7;603.627;8;629.369;9;674.898;36
0;629.41;1;629.388;2;630.383;3;629.969;4;599.373;5;688.424;6;687.785;7;603.646;8;629.38;9;674.851;31
0;629.393;1;629.331;2;630.327;3;629.948;4;599.208;5;688.399;6;687.737;7;603.649;8;629.323;9;674.832;46
0;629.364;1;629.305;2;630.299;3;629.913;4;599.14;5;688.325;6;687.709;7;603.568;8;629.297;9;674.772;21
0;629.316;1;629.228;2;630.239;3;629.865;4;599.205;5;688.337;6;687.623;7;603.517;8;629.22;9;674.721;28
0;629.25;1;629.2;2;630.191;3;629.796;4;599.145;5;688.273;6;687.643;7;603.514;8;629.191;9;674.692;31
0;629.275;1;629.199;2;630.208;3;629.818;4;599.211;5;688.276;6;687.601;7;603.52;8;629.191;9;674.694;30
0;629.275;1;629.207;2;630.214;3;629.823;4;599.248;5;688.312;6;687.629;7;603.407;8;629.199;9;674.715;46
0;629.287;1;629.197;2;630.198;3;629.833;4;599.104;5;688.271;6;687.585;7;603.444;8;629.188;9;674.697;27
0;629.287;1;629.223;2;630.214;3;629.832;4;599.333;5;688.302;6;687.648;7;603.545;8;629.214;9;674.725;34
0;629.31;1;629.245;2;630.232;3;629.849;4;599.213;5;688.327;6;687.648;7;603.505;8;629.236;9;674.696;39
0;629.339;1;629.251;2;630.253;3;629.885;4;599.156;5;688.271;6;687.658;7;603.609;8;629.242;9;674.732;37
0;629.328;1;629.233;2;630.222;3;629.87;4;599.053;5;688.241;6;687.6;7;603.548;8;629.225;9;674.723;32
0;629.279;1;629.22;2;630.206;3;629.826;4;598.951;5;688.22;6;687.571;7;603.56;8;629.211;9;674.655;34
0;629.259;1;629.165;2;630.159;3;629.801;4;599.038;5;688.202;6;687.501;7;603.466;8;629.156;9;674.623;42
0;629.2;1;629.128;2;630.113;3;629.743;4;599.061;5;688.083;6;687.515;7;603.42;8;629.12;9;674.596;37
0;629.175;1;629.07;2;630.058;3;629.716;4;598.938;5;688.055;6;687.457;7;603.351;8;629.061;9;674.532;35
0;629.184;1;629.093;2;630.092;3;629.735;4;598.862;5;688.057;6;687.439;7;603.291;8;629.085;9;674.551;43
0;629.213;1;629.076;2;630.079;3;629.744;4;598.992;5;688.059;6;687.369;7;603.342;8;629.067;9;674.526;42
0;629.211;1;629.083;2;630.074;3;629.745;4;598.962;5;688.042;6;687.42;7;603.326;8;629.074;9;674.524;40
0;629.229;1;629.093;2;630.091;3;629.765;4;599.108;5;688.097;6;687.403;7;603.407;8;629.084;9;674.563;43
0;629.319;1;629.197;2;630.192;3;629.862;4;599.165;5;688.172;6;687.503;7;603.463;8;629.189;9;674.636;39

